ARRIVAL DATE,ARRIVAL TIME (if avail),TERMINAL,SHIP NAME,LAST PORT OF CALL (if avail),PRODUCT TYPE - OIL,"PRODUCT AMOUNT - OIL, Incoming (Multiply metric tons by 7.5 for approx bbls)","PRODUCT AMOUNT - OIL, Outgoing",RUNNING TOTAL,PRODUCT TYPE - NON-OIL,"PRODUCT AMOUNT - NON OIL, Incoming","PRODUCT AMOUNT - NON OIL, Outgoing",Running Total (Specify units),Year,Month,Day,Month_name
2020-01-02,,Citgo,New England,St.John,  Unleaded Gasoline,80000.0,0.0,80000.0,,,,,2020,1,2,Jan
2020-01-02,,Citgo,New England,St.John,  Premium Unleaded Gasoline,20000.0,0.0,100000.0,,,,,2020,1,2,Jan
2020-01-02,,Citgo,New England,St.John,  Diesel (aka ULSD),22000.0,0.0,122000.0,,,,,2020,1,2,Jan
2020-01-02,,Citgo,New England,St.John,  Unleaded Gasoline,60000.0,0.0,182000.0,,,,,2020,1,2,Jan
2020-01-02,,Citgo,New England,St.John,  Unleaded Gasoline,20000.0,0.0,202000.0,,,,,2020,1,2,Jan
2020-01-02,,Citgo,New England,St.John,  Diesel (aka ULSD),20000.0,0.0,222000.0,,,,,2020,1,2,Jan
2020-01-05,,Buckeye,Noreaster,St.John,  Unleaded Gasoline,10000.0,0.0,232000.0,,,,,2020,1,5,Jan
2020-01-05,,Buckeye,Noreaster,St.John,  Unleaded Gasoline,40000.0,0.0,272000.0,,,,,2020,1,5,Jan
2020-01-05,,Buckeye,Noreaster,St.John,  Diesel (aka ULSD),16000.0,0.0,288000.0,,,,,2020,1,5,Jan
2020-01-05,,Buckeye,Noreaster,St.John,"  2 Fuel Oil (aka FO, MGO, DMA)",35000.0,0.0,323000.0,,,,,2020,1,5,Jan
2020-01-06,,Citgo,Noreaster,St.John,  Diesel (aka ULSD),35000.0,0.0,358000.0,,,,,2020,1,6,Jan
2020-01-06,,Citgo,Noreaster,St.John,  Unleaded Gasoline,114000.0,0.0,472000.0,,,,,2020,1,6,Jan
2020-01-06,,Citgo,Noreaster,St.John,"  2 Fuel Oil (aka FO, MGO, DMA)",10000.0,0.0,482000.0,,,,,2020,1,6,Jan
2020-01-08,,Buckeye,DBL-104,New Jersey,  Ethanol (aka E100),25000.0,0.0,507000.0,,,,,2020,1,8,Jan
2020-01-09,,Buckeye,RTC-82,New Jersey,"  2 Fuel Oil (aka FO, MGO, DMA)",15000.0,0.0,522000.0,,,,,2020,1,9,Jan
2020-01-10,,Buckeye,Noreaster,St.John,  Unleaded Gasoline,43000.0,0.0,565000.0,,,,,2020,1,10,Jan
2020-01-10,,Buckeye,Noreaster,St.John,  Unleaded Gasoline,20000.0,0.0,585000.0,,,,,2020,1,10,Jan
2020-01-10,,Buckeye,Noreaster,St.John,  Diesel (aka ULSD),25000.0,0.0,610000.0,,,,,2020,1,10,Jan
2020-01-10,,Buckeye,Noreaster,St.John,"  2 Fuel Oil (aka FO, MGO, DMA)",40000.0,0.0,650000.0,,,,,2020,1,10,Jan
2020-01-11,,Citgo,Noreaster,St.John,"  2 Fuel Oil (aka FO, MGO, DMA)",40000.0,0.0,690000.0,,,,,2020,1,11,Jan
2020-01-11,,Citgo,Noreaster,St.John,  Unleaded Gasoline,75000.0,0.0,765000.0,,,,,2020,1,11,Jan
2020-01-11,,Citgo,Noreaster,St.John,  Diesel (aka ULSD),20000.0,0.0,785000.0,,,,,2020,1,11,Jan
2020-01-13,,Gulf,RTC-107,New York,  Ethanol (aka E100),25000.0,0.0,810000.0,,,,,2020,1,13,Jan
2020-01-13,,Citgo,DBL-104,New York,  Ethanol (aka E100),27000.0,0.0,837000.0,,,,,2020,1,13,Jan
2020-01-14,,Citgo,Great Eastern ,St.John,  Unleaded Gasoline,70000.0,0.0,907000.0,,,,,2020,1,14,Jan
2020-01-14,,Citgo,Great Eastern ,St.John,  Unleaded Gasoline,35000.0,0.0,942000.0,,,,,2020,1,14,Jan
2020-01-15,,Gulf,DBL-102,New Jersey,  Diesel (aka ULSD),80000.0,0.0,1022000.0,,,,,2020,1,15,Jan
2020-01-15,,Buckeye,DBL-102,New York,"  2 Fuel Oil (aka FO, MGO, DMA)",20000.0,0.0,1042000.0,,,,,2020,1,15,Jan
2020-01-19,,Gulf,East Coast,St.John,  Unleaded Gasoline,10000.0,0.0,1052000.0,,,,,2020,1,19,Jan
2020-01-20,,Buckeye,East Coast,South Portland,  Premium Unleaded Gasoline,8000.0,0.0,1060000.0,,,,,2020,1,20,Jan
2020-01-20,,Buckeye,East Coast,South Portland,  Unleaded Gasoline,40000.0,0.0,1100000.0,,,,,2020,1,20,Jan
2020-01-20,,Buckeye,East Coast,South Portland,  Diesel (aka ULSD),10000.0,0.0,1110000.0,,,,,2020,1,20,Jan
2020-01-20,,Buckeye,East Coast,South Portland,"  2 Fuel Oil (aka FO, MGO, DMA)",43000.0,0.0,1153000.0,,,,,2020,1,20,Jan
2020-01-21,,Citgo,East Coast,St.John,  Unleaded Gasoline,35000.0,0.0,1188000.0,,,,,2020,1,21,Jan
2020-01-21,,Citgo,DBL-104,St.John,  Ethanol (aka E100),25000.0,0.0,1213000.0,,,,,2020,1,21,Jan
2020-01-21,,Citgo,East Coast,St.John,  Diesel (aka ULSD),35000.0,0.0,1248000.0,,,,,2020,1,21,Jan
2020-01-21,,Citgo,East Coast,St.John,  Unleaded Gasoline,95000.0,0.0,1343000.0,,,,,2020,1,21,Jan
2020-01-21,,Citgo,East Coast,St.John,  Unleaded Gasoline,24000.0,0.0,1367000.0,,,,,2020,1,21,Jan
2020-01-22,,Sprague,RTC-109,"Newington, NH",  Jet Fuel,20000.0,0.0,1387000.0,,,,,2020,1,22,Jan
2020-01-22,,Sprague,RTC-109,"Newington, NH",  1 Fuel Oil,20000.0,0.0,1407000.0,,,,,2020,1,22,Jan
2020-01-23,,Global ,New England,,"  2 Fuel Oil (aka FO, MGO, DMA)",363.0,0.0,1407363.0,,,,,2020,1,23,Jan
2020-01-24,,Gulf,Hafnia Lise,Canada,  Diesel (aka ULSD),50000.0,0.0,1457363.0,,,,,2020,1,24,Jan
2020-01-24,,Global ,Hafnia Lise,"Portland, Maine","  2 Fuel Oil (aka FO, MGO, DMA)",210000.0,0.0,1667363.0,,,,,2020,1,24,Jan
2020-01-25,,Gulf,DBL-104,St.John,  Unleaded Gasoline,100000.0,0.0,1767363.0,,,,,2020,1,25,Jan
2020-01-26,,Buckeye,Great Eastern ,St.John,  Premium Unleaded Gasoline,50000.0,0.0,1817363.0,,,,,2020,1,26,Jan
2020-01-26,,Buckeye,Great Eastern ,St.John,"  2 Fuel Oil (aka FO, MGO, DMA)",45000.0,0.0,1862363.0,,,,,2020,1,26,Jan
2020-01-26,,Buckeye,Great Eastern ,St.John,  Unleaded Gasoline,40000.0,0.0,1902363.0,,,,,2020,1,26,Jan
2020-01-27,,Global ,RTC-108,"Chelsea, MA",  1 Fuel Oil,20000.0,0.0,1922363.0,,,,,2020,1,27,Jan
2020-01-27,,Citgo,Great Eastern ,St.John,  Unleaded Gasoline,100000.0,0.0,2022363.0,,,,,2020,1,27,Jan
2020-01-27,,Citgo,Great Eastern ,St.John,  Diesel (aka ULSD),45000.0,0.0,2067363.0,,,,,2020,1,27,Jan
2020-01-28,,Global ,New England,,  6 Fuel Oil (aka IFO 380),3501.0,0.0,2070864.0,,,,,2020,1,28,Jan
2020-01-29,,Citgo,Acadian,St.John,  Unleaded Gasoline,100000.0,0.0,2170864.0,,,,,2020,1,29,Jan
2020-01-29,,Citgo,Acadian,St.John,"  2 Fuel Oil (aka FO, MGO, DMA)",25000.0,0.0,2195864.0,,,,,2020,1,29,Jan
2020-01-29,,Citgo,Acadian,St.John,  Diesel (aka ULSD),15000.0,0.0,2210864.0,,,,,2020,1,29,Jan
2020-02-01,,Citgo,DBL-104,"Boston, MA",  Ethanol (aka E100),20000.0,0.0,2230864.0,,,,,2020,2,1,Feb
2020-02-01,,Buckeye,DBL-104,New York,  Ethanol (aka E100),10000.0,0.0,2240864.0,,,,,2020,2,1,Feb
2020-02-03,,Buckeye,Noreaster,St.John,  Premium Unleaded Gasoline,18000.0,0.0,2258864.0,,,,,2020,2,3,Feb
2020-02-03,,Buckeye,DBL-102,"Perth Amboy, NJ","  2 Fuel Oil (aka FO, MGO, DMA)",15000.0,0.0,2273864.0,,,,,2020,2,3,Feb
2020-02-03,,Buckeye,Noreaster,St.John,  Diesel (aka ULSD),30000.0,0.0,2303864.0,,,,,2020,2,3,Feb
2020-02-03,,Buckeye,Noreaster,St.John,  Unleaded Gasoline,27000.0,0.0,2330864.0,,,,,2020,2,3,Feb
2020-02-03,,Buckeye,Noreaster,St.John,  Unleaded Gasoline,35000.0,0.0,2365864.0,,,,,2020,2,3,Feb
2020-02-03,,Gulf,DBL-102,New Jersey,  Diesel (aka ULSD),60000.0,0.0,2425864.0,,,,,2020,2,3,Feb
2020-02-04,,Citgo,Noreaster,St.John,  Unleaded Gasoline,115000.0,0.0,2540864.0,,,,,2020,2,4,Feb
2020-02-04,,Citgo,Noreaster,St.John,  Unleaded Gasoline,14000.0,0.0,2554864.0,,,,,2020,2,4,Feb
2020-02-04,,Citgo,Noreaster,St.John,  Diesel (aka ULSD),21000.0,0.0,2575864.0,,,,,2020,2,4,Feb
2020-02-04,,Global ,Tug Cape Lookout,South Portland,"  2 Fuel Oil (aka FO, MGO, DMA)",25000.0,0.0,2600864.0,,,,,2020,2,4,Feb
2020-02-07,,Citgo,DBL-104,"Providence, RI",  Ethanol (aka E100),17000.0,0.0,2617864.0,,,,,2020,2,7,Feb
2020-02-08,,Buckeye,Mersini,Come By Chance,"  2 Fuel Oil (aka FO, MGO, DMA)",75000.0,0.0,2692864.0,,,,,2020,2,8,Feb
2020-02-09,,Citgo,Cape Gaui,St.John,  Diesel (aka ULSD),32000.0,0.0,2724864.0,,,,,2020,2,9,Feb
2020-02-09,,Citgo,Cape Gaui,St.John,  Unleaded Gasoline,60000.0,0.0,2784864.0,,,,,2020,2,9,Feb
2020-02-10,,Buckeye,Cape Gavi,,  Unleaded Gasoline,33000.0,0.0,2817864.0,,,,,2020,2,10,Feb
2020-02-11,,Global ,New England,,"  2 Fuel Oil (aka FO, MGO, DMA)",1452.0,0.0,2819316.0,,,,,2020,2,11,Feb
2020-02-12,,Buckeye,New England,St.John,  Unleaded Gasoline,10000.0,0.0,2829316.0,,,,,2020,2,12,Feb
2020-02-12,,Buckeye,New England,St.John,  Unleaded Gasoline,50000.0,0.0,2879316.0,,,,,2020,2,12,Feb
2020-02-12,,Buckeye,New England,St.John,  Diesel (aka ULSD),42000.0,0.0,2921316.0,,,,,2020,2,12,Feb
2020-02-12,,Buckeye,New England,St.John,"  2 Fuel Oil (aka FO, MGO, DMA)",50000.0,0.0,2971316.0,,,,,2020,2,12,Feb
2020-02-14,,Citgo,Great Eastern ,St.John,  Unleaded Gasoline,113000.0,0.0,3084316.0,,,,,2020,2,14,Feb
2020-02-14,,Buckeye,Great Eastern ,St.John,  Unleaded Gasoline,10000.0,0.0,3094316.0,,,,,2020,2,14,Feb
2020-02-14,,Buckeye,Great Eastern ,St.John,  Unleaded Gasoline,50000.0,0.0,3144316.0,,,,,2020,2,14,Feb
2020-02-14,,Buckeye,Great Eastern ,St.John,  Diesel (aka ULSD),42000.0,0.0,3186316.0,,,,,2020,2,14,Feb
2020-02-14,,Buckeye,Great Eastern ,St.John,"  2 Fuel Oil (aka FO, MGO, DMA)",50000.0,0.0,3236316.0,,,,,2020,2,14,Feb
2020-02-18,,Buckeye,East Coast,St.John,"  2 Fuel Oil (aka FO, MGO, DMA)",55000.0,0.0,3291316.0,,,,,2020,2,18,Feb
2020-02-18,,Buckeye,East Coast,St.John,  Diesel (aka ULSD),20000.0,0.0,3311316.0,,,,,2020,2,18,Feb
2020-02-18,,Buckeye,East Coast,St.John,  Unleaded Gasoline,28000.0,0.0,3339316.0,,,,,2020,2,18,Feb
2020-02-18,,Citgo,East Coast,St.John,  Unleaded Gasoline,90000.0,0.0,3429316.0,,,,,2020,2,18,Feb
2020-02-18,,Citgo,East Coast,St.John,  Diesel (aka ULSD),22000.0,0.0,3451316.0,,,,,2020,2,18,Feb
2020-02-18,,Buckeye,East Coast,St.John,  Unleaded Gasoline,55000.0,0.0,3506316.0,,,,,2020,2,18,Feb
2020-02-19,,Global ,New England,,"  2 Fuel Oil (aka FO, MGO, DMA)",2904.0,0.0,3509220.0,,,,,2020,2,19,Feb
2020-02-19,,Global ,New England,,  6 Fuel Oil (aka IFO 380),955.0,0.0,3510175.0,,,,,2020,2,19,Feb
2020-02-20,,Citgo,Tug Philadelphia,New York,  Ethanol (aka E100),20000.0,0.0,3530175.0,,,,,2020,2,20,Feb
2020-02-22,,Buckeye,New England,"Portsmouth, NH",  Diesel (aka ULSD),38000.0,0.0,3568175.0,,,,,2020,2,22,Feb
2020-02-22,,Global ,Long Island,"Bayonne, New Jersey",  6 Fuel Oil (aka IFO 380),25000.0,0.0,3593175.0,,,,,2020,2,22,Feb
2020-02-22,,Buckeye,New England,"Portsmouth, NH",  Premium Unleaded Gasoline,20000.0,0.0,3613175.0,,,,,2020,2,22,Feb
2020-02-22,,Buckeye,New England,"Portsmouth, NH",  Unleaded Gasoline,15000.0,0.0,3628175.0,,,,,2020,2,22,Feb
2020-02-23,,Citgo,New England,"Portsmouth, NH",  Premium Unleaded Gasoline,22000.0,0.0,3650175.0,,,,,2020,2,23,Feb
2020-02-23,,Citgo,New England,"Portsmouth, NH",  Unleaded Gasoline,75000.0,0.0,3725175.0,,,,,2020,2,23,Feb
2020-02-26,,Citgo,DBL-104,New York,  Ethanol (aka E100),20000.0,0.0,3745175.0,,,,,2020,2,26,Feb
2020-02-27,,Global ,Star River,"Tarragona, Spain",  Asphalt,6428.0,0.0,3751603.0,,,,,2020,2,27,Feb
2020-02-27,,Global ,New England,,"  2 Fuel Oil (aka FO, MGO, DMA)",653.0,0.0,3752256.0,,,,,2020,2,27,Feb
2020-02-28,,Citgo,Iver Prosperity,St.John,  Unleaded Gasoline,115000.0,0.0,3867256.0,,,,,2020,2,28,Feb
2020-02-29,,Gulf,DBL-103,"Bayonne, New Jersey",  Diesel (aka ULSD),100000.0,0.0,3967256.0,,,,,2020,2,29,Feb
2020-02-29,,Sprague,Palanca Rio,St.John,  Asphalt,91500.0,0.0,4058756.0,,,,,2020,2,29,Feb
2020-03-03,,Buckeye,Noreaster,St.John,  Diesel (aka ULSD),43000.0,0.0,4101756.0,,,,,2020,3,3,Mar
2020-03-03,,Buckeye,Noreaster,St.John,  Unleaded Gasoline,10000.0,0.0,4111756.0,,,,,2020,3,3,Mar
2020-03-03,,Buckeye,Noreaster,St.John,"  2 Fuel Oil (aka FO, MGO, DMA)",11733.0,0.0,4123489.0,,,,,2020,3,3,Mar
2020-03-03,,Citgo,Noreaster,St.John,"  2 Fuel Oil (aka FO, MGO, DMA)",20000.0,0.0,4143489.0,,,,,2020,3,3,Mar
2020-03-03,,Citgo,Noreaster,St.John,  Unleaded Gasoline,80000.0,0.0,4223489.0,,,,,2020,3,3,Mar
2020-03-03,,Citgo,Noreaster,St.John,  Diesel (aka ULSD),10000.0,0.0,4233489.0,,,,,2020,3,3,Mar
2020-03-06,,Citgo,DBL-104,St.John,  Ethanol (aka E100),17000.0,0.0,4250489.0,,,,,2020,3,6,Mar
2020-03-06,,Global ,New England,"Portland, Maine","  2 Fuel Oil (aka FO, MGO, DMA)",0.0,835.0,4249654.0,,,,835.0,2020,3,6,Mar
2020-03-06,,Global ,New England,"Portland, Maine",  6 Fuel Oil (aka IFO 380),0.0,1694.0,4247960.0,,,,1694.0,2020,3,6,Mar
2020-03-08,,Buckeye,Iver Prosperity,St.John,  Premium Unleaded Gasoline,8000.0,0.0,4255960.0,,,,,2020,3,8,Mar
2020-03-08,,Buckeye,Iver Prosperity,St.John,  Unleaded Gasoline,25000.0,0.0,4280960.0,,,,,2020,3,8,Mar
2020-03-08,,Buckeye,Iver Prosperity,St.John,  Diesel (aka ULSD),20000.0,0.0,4300960.0,,,,,2020,3,8,Mar
2020-03-08,,Buckeye,Iver Prosperity,St.John,"  2 Fuel Oil (aka FO, MGO, DMA)",35000.0,0.0,4335960.0,,,,,2020,3,8,Mar
2020-03-09,,Citgo,Iver Prosperity,St.John,"  2 Fuel Oil (aka FO, MGO, DMA)",9000.0,0.0,4344960.0,,,,,2020,3,9,Mar
2020-03-09,,Citgo,Iver Prosperity,St.John,  Unleaded Gasoline,113000.0,0.0,4457960.0,,,,,2020,3,9,Mar
2020-03-09,,Citgo,Iver Prosperity,St.John,  Premium Unleaded Gasoline,20000.0,0.0,4477960.0,,,,,2020,3,9,Mar
2020-03-09,,Citgo,Iver Prosperity,St.John,  Diesel (aka ULSD),27000.0,0.0,4504960.0,,,,,2020,3,9,Mar
2020-03-14,,Gulf,DBL-102,"Perth Amboy, NJ",  Unleaded Gasoline,100000.0,0.0,4604960.0,,,,,2020,3,14,Mar
2020-03-15,,Buckeye,DBL-103,New York,"  2 Fuel Oil (aka FO, MGO, DMA)",10000.0,0.0,4614960.0,,,,,2020,3,15,Mar
2020-03-16,,Gulf,DBL-103,"Bayonne, New Jersey",  Diesel (aka ULSD),90000.0,0.0,4704960.0,,,,,2020,3,16,Mar
2020-03-17,,Buckeye,Cape Gavi,St.John,  Unleaded Gasoline,35000.0,0.0,4739960.0,,,,,2020,3,17,Mar
2020-03-17,,Buckeye,Cape Gavi,St.John,  Diesel (aka ULSD),32000.0,0.0,4771960.0,,,,,2020,3,17,Mar
2020-03-17,,Buckeye,Cape Gavi,St.John,"  2 Fuel Oil (aka FO, MGO, DMA)",38000.0,0.0,4809960.0,,,,,2020,3,17,Mar
2020-03-18,,Citgo,Cape Gavi,St.John,  Unleaded Gasoline,150000.0,0.0,4959960.0,,,,,2020,3,18,Mar
2020-03-18,,Citgo,Cape Gavi,St.John,  Diesel (aka ULSD),10000.0,0.0,4969960.0,,,,,2020,3,18,Mar
2020-03-18,,Citgo,DBL-104,"Boston, MA",  Ethanol (aka E100),10000.0,0.0,4979960.0,,,,,2020,3,18,Mar
2020-03-19,,Global ,New England,,"  2 Fuel Oil (aka FO, MGO, DMA)",218.0,0.0,4980178.0,,,,,2020,3,19,Mar
2020-03-19,,Global ,New England,,  6 Fuel Oil (aka IFO 380),6775.0,0.0,4986953.0,,,,,2020,3,19,Mar
2020-03-20,,Global ,RTC-135,"Revere, MA",  1 Fuel Oil,29000.0,0.0,5015953.0,,,,,2020,3,20,Mar
2020-03-20,,Global ,RTC-135,"Revere, MA","  2 Fuel Oil (aka FO, MGO, DMA)",80000.0,0.0,5095953.0,,,,,2020,3,20,Mar
2020-03-22,,Gulf,DS-56,New Jersey,  Jet Fuel,30000.0,0.0,5125953.0,,,,,2020,3,22,Mar
2020-03-22,,Buckeye,Noreaster,St.John,  Premium Unleaded Gasoline,27000.0,0.0,5152953.0,,,,,2020,3,22,Mar
2020-03-22,,Buckeye,Noreaster,St.John,  Unleaded Gasoline,45000.0,0.0,5197953.0,,,,,2020,3,22,Mar
2020-03-22,,Buckeye,Noreaster,St.John,  Diesel (aka ULSD),26000.0,0.0,5223953.0,,,,,2020,3,22,Mar
2020-03-22,,Buckeye,Noreaster,St.John,"  2 Fuel Oil (aka FO, MGO, DMA)",38000.0,0.0,5261953.0,,,,,2020,3,22,Mar
2020-03-23,,Gulf,DS-601,New York,  Ethanol (aka E100),18000.0,0.0,5279953.0,,,,,2020,3,23,Mar
2020-03-23,,Buckeye,DS-601,St.John,  Unleaded Gasoline,10000.0,0.0,5289953.0,,,,,2020,3,23,Mar
2020-03-27,,Gulf,RTC-85,"Bayonne, New Jersey",  Diesel (aka ULSD),40000.0,0.0,5329953.0,,,,,2020,3,27,Mar
2020-03-28,,Global ,RTC-85,"Portland, Maine","  2 Fuel Oil (aka FO, MGO, DMA)",40000.0,0.0,5369953.0,,,,,2020,3,28,Mar
2020-03-30,,Buckeye,New England,St.John,"  2 Fuel Oil (aka FO, MGO, DMA)",38000.0,0.0,5407953.0,,,,,2020,3,30,Mar
2020-03-30,,Buckeye,New England,St.John,  Diesel (aka ULSD),24000.0,0.0,5431953.0,,,,,2020,3,30,Mar
2020-03-30,,Buckeye,New England,St.John,  Unleaded Gasoline,40000.0,0.0,5471953.0,,,,,2020,3,30,Mar
2020-03-30,,Buckeye,New England,St.John,  Unleaded Gasoline,75000.0,0.0,5546953.0,,,,,2020,3,30,Mar
2020-04-02,,Citgo,Great Eastern ,St.John,  Unleaded Gasoline,60000.0,0.0,5606953.0,,,,,2020,4,2,Apr
2020-04-02,,Citgo,Great Eastern ,St.John,"  2 Fuel Oil (aka FO, MGO, DMA)",10000.0,0.0,5616953.0,,,,,2020,4,2,Apr
2020-04-02,,Citgo,Great Eastern ,St.John,  Diesel (aka ULSD),14000.0,0.0,5630953.0,,,,,2020,4,2,Apr
2020-04-02,,Gulf,Great Eastern ,St.John,  Unleaded Gasoline,20000.0,0.0,5650953.0,,,,,2020,4,2,Apr
2020-04-05,,Buckeye,Cape Gavi,St.John,  Diesel (aka ULSD),38000.0,0.0,5688953.0,,,,,2020,4,5,Apr
2020-04-05,,Buckeye,Cape Gavi,St.John,"  2 Fuel Oil (aka FO, MGO, DMA)",60000.0,0.0,5748953.0,,,,,2020,4,5,Apr
2020-04-06,,Global ,Long Island,"Bayonne, New Jersey",  6 Fuel Oil (aka IFO 380),25000.0,0.0,5773953.0,,,,,2020,4,6,Apr
2020-04-07,,Citgo,Cape Gavi,St.John,"  2 Fuel Oil (aka FO, MGO, DMA)",30000.0,0.0,5803953.0,,,,,2020,4,7,Apr
2020-04-07,,Citgo,Cape Gavi,St.John,  Diesel (aka ULSD),45000.0,0.0,5848953.0,,,,,2020,4,7,Apr
2020-04-08,,Global ,New England,,  6 Fuel Oil (aka IFO 380),2033.0,0.0,5850986.0,,,,,2020,4,8,Apr
2020-04-08,,Global ,New England,,"  2 Fuel Oil (aka FO, MGO, DMA)",1307.0,0.0,5852293.0,,,,,2020,4,8,Apr
2020-04-10,,Buckeye,Noreaster,St.John,  Diesel (aka ULSD),15000.0,0.0,5867293.0,,,,,2020,4,10,Apr
2020-04-10,,Buckeye,Noreaster,St.John,"  2 Fuel Oil (aka FO, MGO, DMA)",85000.0,0.0,5952293.0,,,,,2020,4,10,Apr
2020-04-11,,Citgo,Noreaster,St.John,  Diesel (aka ULSD),20000.0,0.0,5972293.0,,,,,2020,4,11,Apr
2020-04-11,,Buckeye,Cape Gavi,St.John,  Unleaded Gasoline,85000.0,0.0,6057293.0,,,,,2020,4,11,Apr
2020-04-11,,Buckeye,Cape Gavi,St.John,  Unleaded Gasoline,50000.0,0.0,6107293.0,,,,,2020,4,11,Apr
2020-04-11,,Global ,New England,,"  2 Fuel Oil (aka FO, MGO, DMA)",2977.0,0.0,6110270.0,,,,,2020,4,11,Apr
2020-04-12,,Citgo,Cape Gavi,St.John,  Unleaded Gasoline,60000.0,0.0,6170270.0,,,,,2020,4,12,Apr
2020-04-12,,Citgo,Cape Gavi,St.John,"  2 Fuel Oil (aka FO, MGO, DMA)",10000.0,0.0,6180270.0,,,,,2020,4,12,Apr
2020-04-12,,Citgo,Cape Gavi,St.John,  Diesel (aka ULSD),14000.0,0.0,6194270.0,,,,,2020,4,12,Apr
2020-04-13,,Buckeye,DBL-104,New York,  Ethanol (aka E100),17000.0,0.0,6211270.0,,,,,2020,4,13,Apr
2020-04-15,,Global ,New England,"Portland, Maine","  2 Fuel Oil (aka FO, MGO, DMA)",1452.0,0.0,6212722.0,,,,,2020,4,15,Apr
2020-04-16,,Citgo,DBL-104,"Searsport, Maine",  Ethanol (aka E100),21000.0,0.0,6233722.0,,,,,2020,4,16,Apr
2020-04-16,,Gulf,DBL-102,New York,  Unleaded Gasoline,50000.0,0.0,6283722.0,,,,,2020,4,16,Apr
2020-04-21,,Global ,Hafnia Lupus,"Cartagena, Spain","  2 Fuel Oil (aka FO, MGO, DMA)",60000.0,0.0,6343722.0,,,,,2020,4,21,Apr
2020-04-22,,Gulf,Slowman Hermes,Canada,  Diesel (aka ULSD),85000.0,0.0,6428722.0,,,,,2020,4,22,Apr
2020-04-23,,Buckeye,Cape Gavi,St.John,  Diesel (aka ULSD),35000.0,0.0,6463722.0,,,,,2020,4,23,Apr
2020-04-23,,Buckeye,Cape Gavi,St.John,"  2 Fuel Oil (aka FO, MGO, DMA)",35000.0,0.0,6498722.0,,,,,2020,4,23,Apr
2020-04-24,,Citgo,Cape Gavi,St.John,  Diesel (aka ULSD),40000.0,0.0,6538722.0,,,,,2020,4,24,Apr
2020-04-25,,Buckeye,East Coast,St.John,  Diesel (aka ULSD),25000.0,0.0,6563722.0,,,,,2020,4,25,Apr
2020-04-25,,Buckeye,East Coast,St.John,"  2 Fuel Oil (aka FO, MGO, DMA)",10000.0,0.0,6573722.0,,,,,2020,4,25,Apr
2020-04-25,,Buckeye,East Coast,St.John,  Unleaded Gasoline,16000.0,0.0,6589722.0,,,,,2020,4,25,Apr
2020-04-25,,Buckeye,East Coast,St.John,  Unleaded Gasoline,50000.0,0.0,6639722.0,,,,,2020,4,25,Apr
2020-04-26,,Buckeye,Iver Prosperity,St.John,  Unleaded Gasoline,10000.0,0.0,6649722.0,,,,,2020,4,26,Apr
2020-04-26,,Buckeye,Iver Prosperity,St.John,  Unleaded Gasoline,50000.0,0.0,6699722.0,,,,,2020,4,26,Apr
2020-04-26,,Buckeye,Iver Prosperity,St.John,  Diesel (aka ULSD),35000.0,0.0,6734722.0,,,,,2020,4,26,Apr
2020-04-26,,Buckeye,Iver Prosperity,St.John,"  2 Fuel Oil (aka FO, MGO, DMA)",15000.0,0.0,6749722.0,,,,,2020,4,26,Apr
2020-04-27,,Citgo,Iver Prosperity,St.John,  Unleaded Gasoline,19000.0,0.0,6768722.0,,,,,2020,4,27,Apr
2020-04-27,,Citgo,Iver Prosperity,St.John,"  2 Fuel Oil (aka FO, MGO, DMA)",10000.0,0.0,6778722.0,,,,,2020,4,27,Apr
2020-04-28,,Buckeye,DBL-104,New York,"  2 Fuel Oil (aka FO, MGO, DMA)",12000.0,0.0,6790722.0,,,,,2020,4,28,Apr
2020-04-29,,Global ,RTC-135,"Perth Amboy, NJ","  2 Fuel Oil (aka FO, MGO, DMA)",23000.0,0.0,6813722.0,,,,,2020,4,29,Apr
2020-04-29,,Buckeye,DBL-102,New York,  Premium Unleaded Gasoline,40000.0,0.0,6853722.0,,,,,2020,4,29,Apr
2020-04-29,,Global ,RTC-135,"Perth Amboy, NJ",  1 Fuel Oil,60000.0,0.0,6913722.0,,,,,2020,4,29,Apr
2020-04-30,,Gulf,DBL-102,New York,  Unleaded Gasoline,50000.0,0.0,6963722.0,,,,,2020,4,30,Apr
2020-04-30,,Citgo,DBL-82,New York,  Premium Unleaded Gasoline,40000.0,0.0,7003722.0,,,,,2020,4,30,Apr
2020-05-01,,Buckeye,DBL-102,"Portsmouth, NH",  Diesel (aka ULSD),30000.0,0.0,7033722.0,,,,,2020,5,1,May
2020-05-01,,Buckeye,DBL-102,"Portsmouth, NH","  2 Fuel Oil (aka FO, MGO, DMA)",60000.0,0.0,7093722.0,,,,,2020,5,1,May
2020-05-01,,Sprague,Ainazi,"Searsport, Maine","  2 Fuel Oil (aka FO, MGO, DMA)",75000.0,0.0,7168722.0,,,,,2020,5,1,May
2020-05-02,,Citgo,Cape Gavi,St.John,"  2 Fuel Oil (aka FO, MGO, DMA)",15000.0,0.0,7183722.0,,,,,2020,5,2,May
2020-05-02,,Citgo,Cape Gavi,St.John,  Diesel (aka ULSD),30000.0,0.0,7213722.0,,,,,2020,5,2,May
2020-05-02,,Global ,New England,"Portland, Maine","  2 Fuel Oil (aka FO, MGO, DMA)",361.0,0.0,7214083.0,,,,,2020,5,2,May
2020-05-02,,Global ,New England,"Portland, Maine",  6 Fuel Oil (aka IFO 380),2033.0,0.0,7216116.0,,,,,2020,5,2,May
2020-05-03,,Buckeye,Great Eastern ,St.John,  Unleaded Gasoline,115000.0,0.0,7331116.0,,,,,2020,5,3,May
2020-05-03,,Buckeye,Great Eastern ,St.John,  Unleaded Gasoline,58000.0,0.0,7389116.0,,,,,2020,5,3,May
2020-05-04,,Citgo,Great Eastern ,St.John,  Unleaded Gasoline,92000.0,0.0,7481116.0,,,,,2020,5,4,May
2020-05-06,,Global ,Amigo,Canada,  Asphalt,45000.0,0.0,7526116.0,,,,,2020,5,6,May
2020-05-07,,Gulf,Iver Prosperity,"Portsmouth, NH",  Diesel (aka ULSD),45000.0,0.0,7571116.0,,,,,2020,5,7,May
2020-05-07,,Gulf,DBL-103,New Jersey,  Unleaded Gasoline,100000.0,0.0,7671116.0,,,,,2020,5,7,May
2020-05-08,,Buckeye,Iver Prosperity,"Portsmouth, NH",  Diesel (aka ULSD),15000.0,0.0,7686116.0,,,,,2020,5,8,May
2020-05-08,,Buckeye,Iver Prosperity,"Portsmouth, NH","  2 Fuel Oil (aka FO, MGO, DMA)",30000.0,0.0,7716116.0,,,,,2020,5,8,May
2020-05-11,,Buckeye,Iver Prosperity,St.John,  Unleaded Gasoline,45000.0,0.0,7761116.0,,,,,2020,5,11,May
2020-05-11,,Buckeye,Iver Prosperity,St.John,  Unleaded Gasoline,48000.0,0.0,7809116.0,,,,,2020,5,11,May
2020-05-11,,Buckeye,Iver Prosperity,St.John,  Diesel (aka ULSD),37000.0,0.0,7846116.0,,,,,2020,5,11,May
2020-05-11,,Buckeye,Iver Prosperity,St.John,"  2 Fuel Oil (aka FO, MGO, DMA)",7000.0,0.0,7853116.0,,,,,2020,5,11,May
2020-05-11,,Global ,Ardmore Seamariner,Russia,"  2 Fuel Oil (aka FO, MGO, DMA)",180000.0,0.0,8033116.0,,,,,2020,5,11,May
2020-05-12,,Citgo,DBL-104,"Boston, MA",  Ethanol (aka E100),15000.0,0.0,8048116.0,,,,,2020,5,12,May
2020-05-13,,Citgo,Iver Prosperity,St.John,  Diesel (aka ULSD),30000.0,0.0,8078116.0,,,,,2020,5,13,May
2020-05-13,,Citgo,Iver Prosperity,St.John,  Unleaded Gasoline,90000.0,0.0,8168116.0,,,,,2020,5,13,May
2020-05-14,,Sprague,Penn 92,St.John,  Other,17000.0,0.0,8185116.0,,,,,2020,5,14,May
2020-05-17,,Buckeye,Team Corrido,"New Haven, CT`",  Unleaded Gasoline,25000.0,0.0,8210116.0,,,,,2020,5,17,May
2020-05-18,,Citgo,RTC-81,"Boston, MA",  Premium Unleaded Gasoline,30000.0,0.0,8240116.0,,,,,2020,5,18,May
2020-05-18,,Gulf,RTC-81,New Jersey,  Unleaded Gasoline,9250.0,0.0,8249366.0,,,,,2020,5,18,May
2020-05-18,,Buckeye,Noreaster,St.John,  Unleaded Gasoline,32000.0,0.0,8281366.0,,,,,2020,5,18,May
2020-05-18,,Buckeye,Noreaster,St.John,  Unleaded Gasoline,45000.0,0.0,8326366.0,,,,,2020,5,18,May
2020-05-18,,Buckeye,Noreaster,St.John,  Diesel (aka ULSD),25000.0,0.0,8351366.0,,,,,2020,5,18,May
2020-05-18,,Buckeye,Noreaster,St.John,"  2 Fuel Oil (aka FO, MGO, DMA)",45000.0,0.0,8396366.0,,,,,2020,5,18,May
2020-05-19,,Gulf,RTC-85,New Jersey,  Diesel (aka ULSD),70000.0,0.0,8466366.0,,,,,2020,5,19,May
2020-05-19,,Buckeye,Acadian,St.John,"  2 Fuel Oil (aka FO, MGO, DMA)",45000.0,0.0,8511366.0,,,,,2020,5,19,May
2020-05-19,,Buckeye,Acadian,St.John,  Diesel (aka ULSD),25000.0,0.0,8536366.0,,,,,2020,5,19,May
2020-05-19,,Buckeye,Acadian,St.John,  Unleaded Gasoline,45000.0,0.0,8581366.0,,,,,2020,5,19,May
2020-05-19,,Buckeye,Acadian,St.John,  Unleaded Gasoline,32000.0,0.0,8613366.0,,,,,2020,5,19,May
2020-05-19,,Citgo,Acadian,St.John,  Unleaded Gasoline,103000.0,0.0,8716366.0,,,,,2020,5,19,May
2020-05-19,,Gulf,Team Corrido,"Milford haven, UK",  Unleaded Gasoline,130000.0,0.0,8846366.0,,,,,2020,5,19,May
2020-05-19,,Citgo,Acadian,St.John,"  2 Fuel Oil (aka FO, MGO, DMA)",10000.0,0.0,8856366.0,,,,,2020,5,19,May
2020-05-19,,Buckeye,DBL-102,"Portland, Maine",  Unleaded Gasoline,15000.0,0.0,8871366.0,,,,,2020,5,19,May
2020-05-19,,Buckeye,RTC-81,New York,  Premium Unleaded Gasoline,40000.0,0.0,8911366.0,,,,,2020,5,19,May
2020-05-19,,Global ,New England,,"  2 Fuel Oil (aka FO, MGO, DMA)",644.0,0.0,8912010.0,,,,,2020,5,19,May
2020-05-22,,Citgo,DBL-104,"Boston, MA",  Ethanol (aka E100),12000.0,0.0,8924010.0,,,,,2020,5,22,May
2020-05-22,,Citgo,DS-601,"Boston, MA",  Ethanol (aka E100),25000.0,0.0,8949010.0,,,,,2020,5,22,May
2020-05-28,,Buckeye,Great Eastern ,St.John,  Unleaded Gasoline,55000.0,0.0,9004010.0,,,,,2020,5,28,May
2020-05-28,,Buckeye,Great Eastern ,St.John,  Unleaded Gasoline,30000.0,0.0,9034010.0,,,,,2020,5,28,May
2020-05-28,,Citgo,Great Eastern ,St.John,  Unleaded Gasoline,85000.0,0.0,9119010.0,,,,,2020,5,28,May
2020-05-28,,Citgo,Great Eastern ,St.John,  Diesel (aka ULSD),50000.0,0.0,9169010.0,,,,,2020,5,28,May
2020-05-29,,Buckeye,Great Eastern ,St.John,  Diesel (aka ULSD),50000.0,0.0,9219010.0,,,,,2020,5,29,May
2020-05-29,,Global ,Dee 4 Cedar,"Cartagena, Columbia","  2 Fuel Oil (aka FO, MGO, DMA)",85000.0,0.0,9304010.0,,,,,2020,5,29,May
2020-06-01,,Buckeye,RTC-80,"Boston, MA",  Premium Unleaded Gasoline,30000.0,0.0,9334010.0,,,,,2020,6,1,Jun
2020-06-02,,Buckeye,Noreaster,St.John,  Unleaded Gasoline,47500.0,0.0,9381510.0,,,,,2020,6,2,Jun
2020-06-02,,Buckeye,Noreaster,St.John,  Unleaded Gasoline,45500.0,0.0,9427010.0,,,,,2020,6,2,Jun
2020-06-02,,Buckeye,Noreaster,St.John,  Diesel (aka ULSD),36000.0,0.0,9463010.0,,,,,2020,6,2,Jun
2020-06-02,,Buckeye,Noreaster,St.John,"  2 Fuel Oil (aka FO, MGO, DMA)",12000.0,0.0,9475010.0,,,,,2020,6,2,Jun
2020-06-02,,Buckeye,DBL-104,New York,  Ethanol (aka E100),13000.0,0.0,9488010.0,,,,,2020,6,2,Jun
2020-06-03,,Sprague,Dee 4 Cedar,"Cartagena, Columbia","  2 Fuel Oil (aka FO, MGO, DMA)",120000.0,0.0,9608010.0,,,,,2020,6,3,Jun
2020-06-04,,RTC-80,RTC-80,New York,  Ethanol (aka E100),20000.0,0.0,9628010.0,,,,,2020,6,4,Jun
2020-06-05,,Citgo,Noreaster,St.John,  Unleaded Gasoline,108000.0,0.0,9736010.0,,,,,2020,6,5,Jun
2020-06-05,,Citgo,Great Eastern ,St.John,  Unleaded Gasoline,115000.0,0.0,9851010.0,,,,,2020,6,5,Jun
2020-06-07,,Citgo,DBL-104,New York,  Ethanol (aka E100),15000.0,0.0,9866010.0,,,,,2020,6,7,Jun
2020-06-07,,Global ,New England,,"  2 Fuel Oil (aka FO, MGO, DMA)",726.0,0.0,9866736.0,,,,,2020,6,7,Jun
2020-06-07,,Global ,New England,,  6 Fuel Oil (aka IFO 380),2033.0,0.0,9868769.0,,,,,2020,6,7,Jun
2020-06-10,,Citgo,Iver Prosperity,St.John,  Unleaded Gasoline,122000.0,0.0,9990769.0,,,,,2020,6,10,Jun
2020-06-10,,Citgo,Iver Prosperity,St.John,  Diesel (aka ULSD),15000.0,0.0,10005769.0,,,,,2020,6,10,Jun
2020-06-10,,Buckeye,Iver Prosperity,St.John,  Unleaded Gasoline,47000.0,0.0,10052769.0,,,,,2020,6,10,Jun
2020-06-10,,Buckeye,Iver Prosperity,St.John,  Unleaded Gasoline,40000.0,0.0,10092769.0,,,,,2020,6,10,Jun
2020-06-10,,Buckeye,Iver Prosperity,St.John,  Diesel (aka ULSD),26000.0,0.0,10118769.0,,,,,2020,6,10,Jun
2020-06-10,,Buckeye,Iver Prosperity,St.John,"  2 Fuel Oil (aka FO, MGO, DMA)",10000.0,0.0,10128769.0,,,,,2020,6,10,Jun
2020-06-10,,Sprague,RTC-83,"Perth Amboy, NJ",  Jet Fuel,32000.0,0.0,10160769.0,,,,,2020,6,10,Jun
2020-06-12,,Sprague,Penn 92,St.John,  Asphalt,59300.0,0.0,10220069.0,,,,,2020,6,12,Jun
2020-06-12,,Citgo,RTC-80,"Boston, MA",  Ethanol (aka E100),25000.0,0.0,10245069.0,,,,,2020,6,12,Jun
2020-06-13,,Wyman Station,Tug-Genesis,,  6 Fuel Oil (aka IFO 380),64000.0,0.0,10309069.0,,,,,2020,6,13,Jun
2020-06-14,,Buckeye,Great Eastern ,St.John,  Unleaded Gasoline,30000.0,0.0,10339069.0,,,,,2020,6,14,Jun
2020-06-14,,Buckeye,Great Eastern ,St.John,  Unleaded Gasoline,50000.0,0.0,10389069.0,,,,,2020,6,14,Jun
2020-06-14,,Buckeye,Great Eastern ,St.John,  Diesel (aka ULSD),40000.0,0.0,10429069.0,,,,,2020,6,14,Jun
2020-06-14,,Buckeye,Great Eastern ,St.John,"  2 Fuel Oil (aka FO, MGO, DMA)",15000.0,0.0,10444069.0,,,,,2020,6,14,Jun
2020-06-14,,Global ,New England,,"  2 Fuel Oil (aka FO, MGO, DMA)",1089.0,0.0,10445158.0,,,,,2020,6,14,Jun
2020-06-14,,Global ,New England,,  6 Fuel Oil (aka IFO 380),2033.0,0.0,10447191.0,,,,,2020,6,14,Jun
2020-06-16,,Citgo,Great Eastern ,St.John,  Unleaded Gasoline,90000.0,0.0,10537191.0,,,,,2020,6,16,Jun
2020-06-16,,Citgo,Great Eastern ,St.John,"  2 Fuel Oil (aka FO, MGO, DMA)",10000.0,0.0,10547191.0,,,,,2020,6,16,Jun
2020-06-16,,Citgo,Great Eastern ,St.John,  Diesel (aka ULSD),30000.0,0.0,10577191.0,,,,,2020,6,16,Jun
2020-06-16,,Citgo,DBL-104,New York,  Ethanol (aka E100),10000.0,0.0,10587191.0,,,,,2020,6,16,Jun
2020-06-17,,Buckeye,DBL-104,"Albany, NY",  Ethanol (aka E100),20000.0,0.0,10607191.0,,,,,2020,6,17,Jun
2020-06-19,,Citgo,DBL-102,New York,  Premium Unleaded Gasoline,25000.0,0.0,10632191.0,,,,,2020,6,19,Jun
2020-06-19,,Gulf,DBL-102,New Jersey,  Unleaded Gasoline,10000.0,0.0,10642191.0,,,,,2020,6,19,Jun
2020-06-19,,Buckeye,DBL-102,New York,  Premium Unleaded Gasoline,25000.0,0.0,10667191.0,,,,,2020,6,19,Jun
2020-06-20,,Buckeye,Great Eastern ,St.John,  Unleaded Gasoline,30000.0,0.0,10697191.0,,,,,2020,6,20,Jun
2020-06-20,,Buckeye,Great Eastern ,St.John,  Unleaded Gasoline,50000.0,0.0,10747191.0,,,,,2020,6,20,Jun
2020-06-20,,Buckeye,Great Eastern ,St.John,  Diesel (aka ULSD),30000.0,0.0,10777191.0,,,,,2020,6,20,Jun
2020-06-20,,Buckeye,Great Eastern ,St.John,"  2 Fuel Oil (aka FO, MGO, DMA)",20000.0,0.0,10797191.0,,,,,2020,6,20,Jun
2020-06-21,,Global ,Palanca Rio,St.John,  Asphalt,42000.0,0.0,10839191.0,,,,,2020,6,21,Jun
2020-06-23,,Gulf,NCC SAFA,"New Haven, CT`",  Unleaded Gasoline,157000.0,0.0,10996191.0,,,,,2020,6,23,Jun
2020-06-25,,Citgo,Great Eastern ,St.John,  Unleaded Gasoline,90000.0,0.0,11086191.0,,,,,2020,6,25,Jun
2020-06-25,,Buckeye,Great Eastern ,St.John,"  2 Fuel Oil (aka FO, MGO, DMA)",10000.0,0.0,11096191.0,,,,,2020,6,25,Jun
2020-06-25,,Buckeye,Great Eastern ,St.John,  Diesel (aka ULSD),40000.0,0.0,11136191.0,,,,,2020,6,25,Jun
2020-06-25,,Citgo,Great Eastern ,St.John,  Diesel (aka ULSD),30000.0,0.0,11166191.0,,,,,2020,6,25,Jun
2020-06-25,,Buckeye,Great Eastern ,St.John,  Unleaded Gasoline,40000.0,0.0,11206191.0,,,,,2020,6,25,Jun
2020-06-25,,Buckeye,Great Eastern ,St.John,  Unleaded Gasoline,55000.0,0.0,11261191.0,,,,,2020,6,25,Jun
2020-06-27,,Citgo,DBL-104,"Boston, MA",  Premium Unleaded Gasoline,20000.0,0.0,11281191.0,,,,,2020,6,27,Jun
2020-06-30,,Wyman Station,Tug-Genesis,,  6 Fuel Oil (aka IFO 380),64000.0,0.0,11345191.0,,,,,2020,6,30,Jun
2020-07-02,,Buckeye,Noreaster,St.John,  Unleaded Gasoline,46000.0,0.0,11391191.0,,,,,2020,7,2,Jul
2020-07-02,,Buckeye,Noreaster,St.John,  Unleaded Gasoline,45000.0,0.0,11436191.0,,,,,2020,7,2,Jul
2020-07-02,,Buckeye,Noreaster,St.John,  Diesel (aka ULSD),30000.0,0.0,11466191.0,,,,,2020,7,2,Jul
2020-07-03,,Citgo,DBL-104,"Boston, MA",  Ethanol (aka E100),9000.0,0.0,11475191.0,,,,,2020,7,3,Jul
2020-07-03,,Buckeye,DBL-104,,  Ethanol (aka E100),10000.0,0.0,11485191.0,,,,,2020,7,3,Jul
2020-07-06,,Gulf,Noreaster,St.John,  Diesel (aka ULSD),45000.0,0.0,11530191.0,,,,,2020,7,6,Jul
2020-07-07,,Sprague,Noreaster,St.John,  Diesel (aka ULSD),35000.0,0.0,11565191.0,,,,,2020,7,7,Jul
2020-07-07,,Buckeye,New England,St.John,"  2 Fuel Oil (aka FO, MGO, DMA)",10000.0,0.0,11575191.0,,,,,2020,7,7,Jul
2020-07-07,,Buckeye,New England,St.John,  Unleaded Gasoline,80000.0,0.0,11655191.0,,,,,2020,7,7,Jul
2020-07-07,,Buckeye,New England,St.John,  Unleaded Gasoline,25000.0,0.0,11680191.0,,,,,2020,7,7,Jul
2020-07-07,,Buckeye,New England,St.John,  Diesel (aka ULSD),30000.0,0.0,11710191.0,,,,,2020,7,7,Jul
2020-07-08,,Citgo,New England,St.John,  Unleaded Gasoline,110000.0,0.0,11820191.0,,,,,2020,7,8,Jul
2020-07-08,,Citgo,New England,St.John,  Diesel (aka ULSD),10000.0,0.0,11830191.0,,,,,2020,7,8,Jul
2020-07-10,,Global ,Palanca Rio,St.John,  Asphalt,42000.0,0.0,11872191.0,,,,,2020,7,10,Jul
2020-07-11,,Citgo,RTC-103,New York,  Ethanol (aka E100),21000.0,0.0,11893191.0,,,,,2020,7,11,Jul
2020-07-12,,Buckeye,New England,St.John,"  2 Fuel Oil (aka FO, MGO, DMA)",10000.0,0.0,11903191.0,,,,,2020,7,12,Jul
2020-07-12,,Buckeye,New England,St.John,  Unleaded Gasoline,40000.0,0.0,11943191.0,,,,,2020,7,12,Jul
2020-07-12,,Buckeye,New England,St.John,  Diesel (aka ULSD),18000.0,0.0,11961191.0,,,,,2020,7,12,Jul
2020-07-12,,Buckeye,New England,St.John,  Unleaded Gasoline,30000.0,0.0,11991191.0,,,,,2020,7,12,Jul
2020-07-12,,Buckeye,DBL-104,New York,  Ethanol (aka E100),15000.0,0.0,12006191.0,,,,,2020,7,12,Jul
2020-07-12,,Buckeye,New England,St.John,  Premium Unleaded Gasoline,25000.0,0.0,12031191.0,,,,,2020,7,12,Jul
2020-07-13,,Citgo,New England,St.John,  Unleaded Gasoline,112000.0,0.0,12143191.0,,,,,2020,7,13,Jul
2020-07-13,,Citgo,New England,St.John,  Premium Unleaded Gasoline,20000.0,0.0,12163191.0,,,,,2020,7,13,Jul
2020-07-13,,Citgo,New England,St.John,  Diesel (aka ULSD),10000.0,0.0,12173191.0,,,,,2020,7,13,Jul
2020-07-13,,Citgo,DBL-104,New York,  Ethanol (aka E100),10000.0,0.0,12183191.0,,,,,2020,7,13,Jul
2020-07-13,,Gulf,Turmoil,"New Haven, CT`",  Unleaded Gasoline,140000.0,0.0,12323191.0,,,,,2020,7,13,Jul
2020-07-14,,Global ,New England,,"  2 Fuel Oil (aka FO, MGO, DMA)",726.0,0.0,12323917.0,,,,,2020,7,14,Jul
2020-07-17,,Buckeye,New England,St.John,  Unleaded Gasoline,60000.0,0.0,12383917.0,,,,,2020,7,17,Jul
2020-07-17,,Buckeye,New England,St.John,  Unleaded Gasoline,55000.0,0.0,12438917.0,,,,,2020,7,17,Jul
2020-07-17,,Buckeye,New England,St.John,  Diesel (aka ULSD),45000.0,0.0,12483917.0,,,,,2020,7,17,Jul
2020-07-19,,Citgo,New England,"Boston, MA",  Unleaded Gasoline,105000.0,0.0,12588917.0,,,,,2020,7,19,Jul
2020-07-20,,Citgo,RTC-107,"Boston, MA",  Premium Unleaded Gasoline,25000.0,0.0,12613917.0,,,,,2020,7,20,Jul
2020-07-20,,Gulf,RTC-107,"Bayonne, New Jersey",  Unleaded Gasoline,10000.0,0.0,12623917.0,,,,,2020,7,20,Jul
2020-07-22,,Buckeye,Iver Prosperity,St.John,  Unleaded Gasoline,26000.0,0.0,12649917.0,,,,,2020,7,22,Jul
2020-07-22,,Buckeye,Iver Prosperity,St.John,  Unleaded Gasoline,45000.0,0.0,12694917.0,,,,,2020,7,22,Jul
2020-07-22,,Buckeye,Iver Prosperity,St.John,  Diesel (aka ULSD),20000.0,0.0,12714917.0,,,,,2020,7,22,Jul
2020-07-22,,Buckeye,Iver Prosperity,St.John,"  2 Fuel Oil (aka FO, MGO, DMA)",10000.0,0.0,12724917.0,,,,,2020,7,22,Jul
2020-07-23,,Citgo,Iver Prosperity,St.John,  Unleaded Gasoline,93000.0,0.0,12817917.0,,,,,2020,7,23,Jul
2020-07-23,,Citgo,Iver Prosperity,St.John,  Diesel (aka ULSD),20000.0,0.0,12837917.0,,,,,2020,7,23,Jul
2020-07-23,,Gulf,Iver Prosperity,St.John,  Diesel (aka ULSD),45000.0,0.0,12882917.0,,,,,2020,7,23,Jul
2020-07-25,,Buckeye,New England,St.John,  Diesel (aka ULSD),10000.0,0.0,12892917.0,,,,,2020,7,25,Jul
2020-07-25,,Buckeye,New England,St.John,"  2 Fuel Oil (aka FO, MGO, DMA)",37000.0,0.0,12929917.0,,,,,2020,7,25,Jul
2020-07-25,,Buckeye,New England,St.John,  Unleaded Gasoline,38000.0,0.0,12967917.0,,,,,2020,7,25,Jul
2020-07-25,,Global ,New England,,"  2 Fuel Oil (aka FO, MGO, DMA)",1089.0,0.0,12969006.0,,,,,2020,7,25,Jul
2020-07-25,,Global ,New England,,  6 Fuel Oil (aka IFO 380),3388.0,0.0,12972394.0,,,,,2020,7,25,Jul
2020-07-25,,Citgo,DBL-104,"Boston, MA",  Ethanol (aka E100),25000.0,0.0,12997394.0,,,,,2020,7,25,Jul
2020-07-25,,Buckeye,New England,St.John,  Unleaded Gasoline,45000.0,0.0,13042394.0,,,,,2020,7,25,Jul
2020-07-28,,Global ,New England,"Portland, Maine",  6 Fuel Oil (aka IFO 380),0.0,2371.0,13040023.0,,,,2371.0,2020,7,28,Jul
2020-07-28,,Buckeye,Noreaster,St.John,  Unleaded Gasoline,10000.0,0.0,13050023.0,,,,,2020,7,28,Jul
2020-07-28,,Buckeye,Noreaster,St.John,  Unleaded Gasoline,15000.0,0.0,13065023.0,,,,,2020,7,28,Jul
2020-07-29,,Citgo,Noreaster,St.John,  Unleaded Gasoline,62000.0,0.0,13127023.0,,,,,2020,7,29,Jul
2020-07-29,,Citgo,Noreaster,St.John,  Diesel (aka ULSD),32000.0,0.0,13159023.0,,,,,2020,7,29,Jul
2020-08-02,,Buckeye,DBL-104,New York,  Ethanol (aka E100),20000.0,0.0,13179023.0,,,,,2020,8,2,Aug
2020-08-02,,Citgo,DBL-104,New York,  Ethanol (aka E100),20000.0,0.0,13199023.0,,,,,2020,8,2,Aug
2020-08-03,,Buckeye,Noreaster,St.John,  Unleaded Gasoline,20000.0,0.0,13219023.0,,,,,2020,8,3,Aug
2020-08-03,,Buckeye,Noreaster,St.John,  Unleaded Gasoline,15000.0,0.0,13234023.0,,,,,2020,8,3,Aug
2020-08-03,,Buckeye,Noreaster,St.John,  Diesel (aka ULSD),40000.0,0.0,13274023.0,,,,,2020,8,3,Aug
2020-08-05,,Gulf,Noreaster,St.John,  Unleaded Gasoline,40000.0,0.0,13314023.0,,,,,2020,8,5,Aug
2020-08-05,,Gulf,Pacific Diamond,"New Haven, CT`",  Unleaded Gasoline,150000.0,0.0,13464023.0,,,,,2020,8,5,Aug
2020-08-05,,Citgo,Noreaster,St.John,"  2 Fuel Oil (aka FO, MGO, DMA)",10000.0,0.0,13474023.0,,,,,2020,8,5,Aug
2020-08-05,,Citgo,Noreaster,St.John,  Premium Unleaded Gasoline,30000.0,0.0,13504023.0,,,,,2020,8,5,Aug
2020-08-05,,Citgo,Noreaster,St.John,  Unleaded Gasoline,70000.0,0.0,13574023.0,,,,,2020,8,5,Aug
2020-08-08,,Buckeye,Great Eastern ,St.John,  Unleaded Gasoline,50000.0,0.0,13624023.0,,,,,2020,8,8,Aug
2020-08-08,,Buckeye,Great Eastern ,St.John,  Unleaded Gasoline,50000.0,0.0,13674023.0,,,,,2020,8,8,Aug
2020-08-08,,Buckeye,Great Eastern ,St.John,  Diesel (aka ULSD),25000.0,0.0,13699023.0,,,,,2020,8,8,Aug
2020-08-09,,Citgo,Great Eastern ,St.John,  Unleaded Gasoline,120000.0,0.0,13819023.0,,,,,2020,8,9,Aug
2020-08-09,,Citgo,Great Eastern ,St.John,  Diesel (aka ULSD),20000.0,0.0,13839023.0,,,,,2020,8,9,Aug
2020-08-09,,Gulf,RTC-81,New York,  Ethanol (aka E100),25000.0,0.0,13864023.0,,,,,2020,8,9,Aug
2020-08-11,,Buckeye,East Coast,St.John,  Premium Unleaded Gasoline,40000.0,0.0,13904023.0,,,,,2020,8,11,Aug
2020-08-11,,Buckeye,East Coast,St.John,  Unleaded Gasoline,40000.0,0.0,13944023.0,,,,,2020,8,11,Aug
2020-08-11,,Buckeye,East Coast,St.John,"  2 Fuel Oil (aka FO, MGO, DMA)",10000.0,0.0,13954023.0,,,,,2020,8,11,Aug
2020-08-11,,Buckeye,East Coast,St.John,  Diesel (aka ULSD),40000.0,0.0,13994023.0,,,,,2020,8,11,Aug
2020-08-12,,Gulf,East Coast,St.John,  Diesel (aka ULSD),45000.0,0.0,14039023.0,,,,,2020,8,12,Aug
2020-08-12,,Citgo,Noreaster,St.John,  Diesel (aka ULSD),20000.0,0.0,14059023.0,,,,,2020,8,12,Aug
2020-08-12,,Citgo,Noreaster,St.John,"  2 Fuel Oil (aka FO, MGO, DMA)",10000.0,0.0,14069023.0,,,,,2020,8,12,Aug
2020-08-12,,Citgo,Noreaster,St.John,  Premium Unleaded Gasoline,20000.0,0.0,14089023.0,,,,,2020,8,12,Aug
2020-08-12,,Citgo,Noreaster,St.John,  Unleaded Gasoline,50000.0,0.0,14139023.0,,,,,2020,8,12,Aug
2020-08-13,,Citgo,Eva leigh Cutler,"Boston, MA",  Ethanol (aka E100),21600.0,0.0,14160623.0,,,,,2020,8,13,Aug
2020-08-14,,Sprague,DS-58,New York,  Aviation Gasoline,25000.0,0.0,14185623.0,,,,,2020,8,14,Aug
2020-08-16,,Buckeye,Iver Prosperity,St.John,  Diesel (aka ULSD),40000.0,0.0,14225623.0,,,,,2020,8,16,Aug
2020-08-16,,Buckeye,Iver Prosperity,St.John,"  2 Fuel Oil (aka FO, MGO, DMA)",10000.0,0.0,14235623.0,,,,,2020,8,16,Aug
2020-08-16,,Buckeye,Iver Prosperity,St.John,  Unleaded Gasoline,35000.0,0.0,14270623.0,,,,,2020,8,16,Aug
2020-08-16,,Buckeye,Iver Prosperity,St.John,  Unleaded Gasoline,45000.0,0.0,14315623.0,,,,,2020,8,16,Aug
2020-08-18,,Citgo,Iver Prosperity,St.John,  Diesel (aka ULSD),20000.0,0.0,14335623.0,,,,,2020,8,18,Aug
2020-08-18,,Citgo,Iver Prosperity,St.John,  Unleaded Gasoline,105000.0,0.0,14440623.0,,,,,2020,8,18,Aug
2020-08-18,,Citgo,DBL-104,"Searsport, Maine",  Ethanol (aka E100),17000.0,0.0,14457623.0,,,,,2020,8,18,Aug
2020-08-18,,Citgo,Iver Prosperity,St.John,"  2 Fuel Oil (aka FO, MGO, DMA)",10000.0,0.0,14467623.0,,,,,2020,8,18,Aug
2020-08-19,,Buckeye,DBL-104,St.John,  Ethanol (aka E100),25000.0,0.0,14492623.0,,,,,2020,8,19,Aug
2020-08-22,,Citgo,Acadian,St.John,  Unleaded Gasoline,113000.0,0.0,14605623.0,,,,,2020,8,22,Aug
2020-08-22,,Buckeye,Acadian,St.John,  Unleaded Gasoline,65000.0,0.0,14670623.0,,,,,2020,8,22,Aug
2020-08-22,,Buckeye,Acadian,St.John,  Unleaded Gasoline,45000.0,0.0,14715623.0,,,,,2020,8,22,Aug
2020-08-23,,Sprague,Palanca Rio,"Baltimore, MD",  Other,17000.0,0.0,14732623.0,,,,,2020,8,23,Aug
2020-08-27,,Buckeye,Acadian,St.John,"  2 Fuel Oil (aka FO, MGO, DMA)",4000.0,0.0,14736623.0,,,,,2020,8,27,Aug
2020-08-27,,Buckeye,Acadian,St.John,  Diesel (aka ULSD),28000.0,0.0,14764623.0,,,,,2020,8,27,Aug
2020-08-27,,Buckeye,Acadian,St.John,  Unleaded Gasoline,50000.0,0.0,14814623.0,,,,,2020,8,27,Aug
2020-08-27,,Buckeye,Acadian,St.John,  Unleaded Gasoline,15000.0,0.0,14829623.0,,,,,2020,8,27,Aug
2020-08-27,,Buckeye,Acadian,St.John,  Premium Unleaded Gasoline,27000.0,0.0,14856623.0,,,,,2020,8,27,Aug
2020-08-28,,Citgo,Acadian,St.John,  Diesel (aka ULSD),10000.0,0.0,14866623.0,,,,,2020,8,28,Aug
2020-08-28,,Citgo,Acadian,St.John,  Unleaded Gasoline,63000.0,0.0,14929623.0,,,,,2020,8,28,Aug
2020-08-28,,Citgo,Acadian,St.John,  Premium Unleaded Gasoline,18000.0,0.0,14947623.0,,,,,2020,8,28,Aug
2020-08-29,,Buckeye,DBL-104,St.John,  Diesel (aka ULSD),15000.0,0.0,14962623.0,,,,,2020,8,29,Aug
2020-08-31,,Gulf,RTC-103,New York,  Ethanol (aka E100),25000.0,0.0,14987623.0,,,,,2020,8,31,Aug
2020-08-31,,Global ,New England,,  6 Fuel Oil (aka IFO 380),1626.0,0.0,14989249.0,,,,,2020,8,31,Aug
2020-09-02,,Citgo,Iver Prosperity,St.John,  Unleaded Gasoline,112000.0,0.0,15101249.0,,,,,2020,9,2,Sep
2020-09-02,,Citgo,Iver Prosperity,St.John,  Diesel (aka ULSD),40000.0,0.0,15141249.0,,,,,2020,9,2,Sep
2020-09-02,,Buckeye,Iver Prosperity,St.John,  Unleaded Gasoline,20000.0,0.0,15161249.0,,,,,2020,9,2,Sep
2020-09-02,,Buckeye,Iver Prosperity,St.John,  Diesel (aka ULSD),43000.0,0.0,15204249.0,,,,,2020,9,2,Sep
2020-09-02,,Buckeye,Iver Prosperity,St.John,  Unleaded Gasoline,45000.0,0.0,15249249.0,,,,,2020,9,2,Sep
2020-09-02,,Global ,Asphalt Sailor,"Cartegena, Columbia",  Asphalt,42000.0,0.0,15291249.0,,,,,2020,9,2,Sep
2020-09-04,,Citgo,DBL-104,,  Ethanol (aka E100),20000.0,0.0,15311249.0,,,,,2020,9,4,Sep
2020-09-05,,Buckeye,Iver Prosperity,St.John,"  2 Fuel Oil (aka FO, MGO, DMA)",30000.0,0.0,15341249.0,,,,,2020,9,5,Sep
2020-09-05,,Buckeye,Iver Prosperity,St.John,  Diesel (aka ULSD),20000.0,0.0,15361249.0,,,,,2020,9,5,Sep
2020-09-05,,Buckeye,Iver Prosperity,St.John,  Unleaded Gasoline,20000.0,0.0,15381249.0,,,,,2020,9,5,Sep
2020-09-06,,Citgo,Cape Gavi,St.John,  Diesel (aka ULSD),42000.0,0.0,15423249.0,,,,,2020,9,6,Sep
2020-09-06,,Citgo,Cape Gavi,St.John,  Unleaded Gasoline,70000.0,0.0,15493249.0,,,,,2020,9,6,Sep
2020-09-06,,Citgo,Cape Gavi,St.John,  Premium Unleaded Gasoline,20000.0,0.0,15513249.0,,,,,2020,9,6,Sep
2020-09-07,,Citgo,Eva leigh Cutler,"Braintree, MA",  Ethanol (aka E100),25000.0,0.0,15538249.0,,,,,2020,9,7,Sep
2020-09-07,,Gulf,Cape Gavi,St.John,  Unleaded Gasoline,45000.0,0.0,15583249.0,,,,,2020,9,7,Sep
2020-09-11,,Gulf,TMI-17,New York,  Diesel (aka ULSD),85000.0,0.0,15668249.0,,,,,2020,9,11,Sep
2020-09-12,,Buckeye,DBL-104,New York,  Ethanol (aka E100),15000.0,0.0,15683249.0,,,,,2020,9,12,Sep
2020-09-12,,Citgo,DBL-104,"Boston, MA",  Ethanol (aka E100),10000.0,0.0,15693249.0,,,,,2020,9,12,Sep
2020-09-17,,Citgo,New England,St.John,  Unleaded Gasoline,114000.0,0.0,15807249.0,,,,,2020,9,17,Sep
2020-09-17,,Citgo,New England,St.John,  Premium Unleaded Gasoline,20000.0,0.0,15827249.0,,,,,2020,9,17,Sep
2020-09-17,,Global ,Long Island,"Bayonne, New Jersey",  6 Fuel Oil (aka IFO 380),16000.0,0.0,15843249.0,,,,,2020,9,17,Sep
2020-09-18,,Gulf,DBL-102,"Port Reading, NJ",  Unleaded Gasoline,100000.0,0.0,15943249.0,,,,,2020,9,18,Sep
2020-09-19,,Buckeye,East Coast,,  Diesel (aka ULSD),25000.0,0.0,15968249.0,,,,,2020,9,19,Sep
2020-09-19,,Buckeye,East Coast,,  Unleaded Gasoline,50000.0,0.0,16018249.0,,,,,2020,9,19,Sep
2020-09-19,,Buckeye,East Coast,,  Unleaded Gasoline,34000.0,0.0,16052249.0,,,,,2020,9,19,Sep
2020-09-19,,Buckeye,East Coast,,"  2 Fuel Oil (aka FO, MGO, DMA)",25000.0,0.0,16077249.0,,,,,2020,9,19,Sep
2020-09-20,,Sprague,RTC-102,New Jersey,  Jet Fuel,20000.0,0.0,16097249.0,,,,,2020,9,20,Sep
2020-09-20,,Sprague,RTC-102,New Jersey,  Other,44000.0,0.0,16141249.0,,,,,2020,9,20,Sep
2020-09-21,,Citgo,East Coast,St.John,  Diesel (aka ULSD),28000.0,0.0,16169249.0,,,,,2020,9,21,Sep
2020-09-21,,Citgo,DBL-104,St.John,  Ethanol (aka E100),25000.0,0.0,16194249.0,,,,,2020,9,21,Sep
2020-09-21,,Citgo,East Coast,St.John,  Unleaded Gasoline,83000.0,0.0,16277249.0,,,,,2020,9,21,Sep
2020-09-21,,Citgo,East Coast,St.John,"  2 Fuel Oil (aka FO, MGO, DMA)",10000.0,0.0,16287249.0,,,,,2020,9,21,Sep
2020-09-23,,Citgo,Noreaster,St.John,"  2 Fuel Oil (aka FO, MGO, DMA)",10000.0,0.0,16297249.0,,,,,2020,9,23,Sep
2020-09-23,,Buckeye,Noreaster,,"  2 Fuel Oil (aka FO, MGO, DMA)",27000.0,0.0,16324249.0,,,,,2020,9,23,Sep
2020-09-23,,Citgo,Noreaster,St.John,  Diesel (aka ULSD),28000.0,0.0,16352249.0,,,,,2020,9,23,Sep
2020-09-23,,Buckeye,Noreaster,,  Diesel (aka ULSD),18000.0,0.0,16370249.0,,,,,2020,9,23,Sep
2020-09-26,,Buckeye,Cape Gavi,St.John,  Unleaded Gasoline,42000.0,0.0,16412249.0,,,,,2020,9,26,Sep
2020-09-26,,Sprague,Turquoise,"Montreal, Canada",  Diesel (aka ULSD),75000.0,0.0,16487249.0,,,,,2020,9,26,Sep
2020-09-26,,Buckeye,Cape Gavi,St.John,"  2 Fuel Oil (aka FO, MGO, DMA)",25000.0,0.0,16512249.0,,,,,2020,9,26,Sep
2020-09-26,,Buckeye,Cape Gavi,St.John,  Unleaded Gasoline,20000.0,0.0,16532249.0,,,,,2020,9,26,Sep
2020-09-26,,Buckeye,Cape Gavi,St.John,  Premium Unleaded Gasoline,13000.0,0.0,16545249.0,,,,,2020,9,26,Sep
2020-09-26,,Buckeye,Cape Gavi,St.John,  Diesel (aka ULSD),25000.0,0.0,16570249.0,,,,,2020,9,26,Sep
2020-09-27,,Citgo,Cape Gavi,St.John,  Premium Unleaded Gasoline,25000.0,0.0,16595249.0,,,,,2020,9,27,Sep
2020-09-27,,Citgo,Cape Gavi,St.John,  Unleaded Gasoline,150000.0,0.0,16745249.0,,,,,2020,9,27,Sep
2020-09-27,,Buckeye,Noreaster,New York,  Ethanol (aka E100),25000.0,0.0,16770249.0,,,,,2020,9,27,Sep
2020-09-27,,Buckeye,Noreaster,New York,  Diesel (aka ULSD),25000.0,0.0,16795249.0,,,,,2020,9,27,Sep
2020-09-27,,Buckeye,Noreaster,New York,  Unleaded Gasoline,42000.0,0.0,16837249.0,,,,,2020,9,27,Sep
2020-09-27,,Buckeye,Noreaster,New York,  Premium Unleaded Gasoline,13000.0,0.0,16850249.0,,,,,2020,9,27,Sep
2020-09-27,,Buckeye,Noreaster,,  Unleaded Gasoline,20000.0,0.0,16870249.0,,,,,2020,9,27,Sep
2020-10-02,,Citgo,DBL-104,New York,  Ethanol (aka E100),15000.0,0.0,16885249.0,,,,,2020,10,2,Oct
2020-10-02,,Buckeye,New England,St.John,  Unleaded Gasoline,45000.0,0.0,16930249.0,,,,,2020,10,2,Oct
2020-10-02,,Buckeye,New England,St.John,  Unleaded Gasoline,15000.0,0.0,16945249.0,,,,,2020,10,2,Oct
2020-10-02,,Buckeye,DBL-104,St.John,  Ethanol (aka E100),25000.0,0.0,16970249.0,,,,,2020,10,2,Oct
2020-10-04,,Gulf,Noreaster,St.John,  Unleaded Gasoline,45000.0,0.0,17015249.0,,,,,2020,10,4,Oct
2020-10-05,,Citgo,Noreaster,St.John,  Unleaded Gasoline,80000.0,0.0,17095249.0,,,,,2020,10,5,Oct
2020-10-05,,Citgo,Noreaster,St.John,  Diesel (aka ULSD),10000.0,0.0,17105249.0,,,,,2020,10,5,Oct
2020-10-06,,Global ,New England,,  6 Fuel Oil (aka IFO 380),2168.0,0.0,17107417.0,,,,,2020,10,6,Oct
2020-10-08,,Buckeye,New England,St.John,  Unleaded Gasoline,85000.0,0.0,17192417.0,,,,,2020,10,8,Oct
2020-10-08,,Buckeye,New England,St.John,  Diesel (aka ULSD),42000.0,0.0,17234417.0,,,,,2020,10,8,Oct
2020-10-08,,Buckeye,New England,St.John,"  2 Fuel Oil (aka FO, MGO, DMA)",83000.0,0.0,17317417.0,,,,,2020,10,8,Oct
2020-10-08,,Buckeye,New England,St.John,  Unleaded Gasoline,55000.0,0.0,17372417.0,,,,,2020,10,8,Oct
2020-10-10,,Citgo,Cape Gavi,St.John,  Premium Unleaded Gasoline,22000.0,0.0,17394417.0,,,,,2020,10,10,Oct
2020-10-10,,Citgo,Cape Gavi,St.John,"  2 Fuel Oil (aka FO, MGO, DMA)",37000.0,0.0,17431417.0,,,,,2020,10,10,Oct
2020-10-10,,Citgo,Cape Gavi,St.John,  Unleaded Gasoline,100000.0,0.0,17531417.0,,,,,2020,10,10,Oct
2020-10-10,,Citgo,Eva leigh Cutler,"Boston, MA",  Ethanol (aka E100),21000.0,0.0,17552417.0,,,,,2020,10,10,Oct
2020-10-10,,Gulf,Cape Gavi,St.John,  Unleaded Gasoline,48000.0,0.0,17600417.0,,,,,2020,10,10,Oct
2020-10-10,,Citgo,Cape Gavi,St.John,  Diesel (aka ULSD),50000.0,0.0,17650417.0,,,,,2020,10,10,Oct
2020-10-13,,Citgo,DBL-104,"Boston, MA",  Ethanol (aka E100),10000.0,0.0,17660417.0,,,,,2020,10,13,Oct
2020-10-14,,Citgo,Cape Gavi,St.John,  Unleaded Gasoline,80000.0,0.0,17740417.0,,,,,2020,10,14,Oct
2020-10-15,,Gulf,Cape Gavi,St.John,  Diesel (aka ULSD),45000.0,0.0,17785417.0,,,,,2020,10,15,Oct
2020-10-15,,Global ,New England,,"  2 Fuel Oil (aka FO, MGO, DMA)",2068.0,0.0,17787485.0,,,,,2020,10,15,Oct
2020-10-15,,Buckeye,NH Erie,"Portsmouth, NH",  Diesel (aka ULSD),14000.0,0.0,17801485.0,,,,,2020,10,15,Oct
2020-10-15,,Buckeye,Noreaster,St.John,  Unleaded Gasoline,67000.0,0.0,17868485.0,,,,,2020,10,15,Oct
2020-10-15,,Buckeye,Noreaster,St.John,  Premium Unleaded Gasoline,38000.0,0.0,17906485.0,,,,,2020,10,15,Oct
2020-10-15,,Buckeye,Noreaster,St.John,  Unleaded Gasoline,68000.0,0.0,17974485.0,,,,,2020,10,15,Oct
2020-10-15,,Buckeye,Noreaster,St.John,  Diesel (aka ULSD),62000.0,0.0,18036485.0,,,,,2020,10,15,Oct
2020-10-15,,Buckeye,Noreaster,St.John,"  2 Fuel Oil (aka FO, MGO, DMA)",25000.0,0.0,18061485.0,,,,,2020,10,15,Oct
2020-10-23,,Citgo,East Coast,St.John,  Unleaded Gasoline,182000.0,0.0,18243485.0,,,,,2020,10,23,Oct
2020-10-23,,Citgo,East Coast,St.John,  Diesel (aka ULSD),45000.0,0.0,18288485.0,,,,,2020,10,23,Oct
2020-10-23,,Citgo,East Coast,St.John,  Premium Unleaded Gasoline,20000.0,0.0,18308485.0,,,,,2020,10,23,Oct
2020-10-23,,Buckeye,East Coast,St.John,  Premium Unleaded Gasoline,15000.0,0.0,18323485.0,,,,,2020,10,23,Oct
2020-10-24,,Gulf,Great Eastern ,St.John,  Unleaded Gasoline,50000.0,0.0,18373485.0,,,,,2020,10,24,Oct
2020-10-24,,Gulf,Great Eastern ,St.John,  Diesel (aka ULSD),15000.0,0.0,18388485.0,,,,,2020,10,24,Oct
2020-10-25,,Citgo,DBL-104,"Boston, MA",  Ethanol (aka E100),15000.0,0.0,18403485.0,,,,,2020,10,25,Oct
2020-10-31,,Citgo,DBL-104,St.John,  Unleaded Gasoline,90000.0,0.0,18493485.0,,,,,2020,10,31,Oct
2020-11-01,,Citgo,East Coast,St.John,  Unleaded Gasoline,38000.0,0.0,18531485.0,,,,,2020,11,1,Nov
2020-11-02,,Gulf,Cape Gavi,"Boston, MA",  Unleaded Gasoline,57000.0,0.0,18588485.0,,,,,2020,11,2,Nov
2020-11-04,,Global ,New England,,  6 Fuel Oil (aka IFO 380),1890.0,0.0,18590375.0,,,,,2020,11,4,Nov
2020-11-04,,Global ,New England,,"  2 Fuel Oil (aka FO, MGO, DMA)",442.0,0.0,18590817.0,,,,,2020,11,4,Nov
2020-11-06,,Gulf,Solar Suzanne,"Rotterdam, Netherlands",  Unleaded Gasoline,145000.0,0.0,18735817.0,,,,,2020,11,6,Nov
2020-11-06,,Global ,RTC-145,New York,  1 Fuel Oil,40000.0,0.0,18775817.0,,,,,2020,11,6,Nov
2020-11-07,,Citgo,DBL-104,New York,  Ethanol (aka E100),20000.0,0.0,18795817.0,,,,,2020,11,7,Nov
2020-11-09,,Citgo,Cape Gavi,St.John,  Unleaded Gasoline,70000.0,0.0,18865817.0,,,,,2020,11,9,Nov
2020-11-09,,Citgo,Cape Gavi,St.John,  Premium Unleaded Gasoline,21000.0,0.0,18886817.0,,,,,2020,11,9,Nov
2020-11-10,,Global ,Penn 92,St.John,  Asphalt,34000.0,0.0,18920817.0,,,,,2020,11,10,Nov
2020-11-10,,Buckeye,Cape Gavi,St.John,  Ethanol (aka E100),6000.0,0.0,18926817.0,,,,,2020,11,10,Nov
2020-11-10,,Buckeye,Cape Gavi,St.John,  Diesel (aka ULSD),60000.0,0.0,18986817.0,,,,,2020,11,10,Nov
2020-11-10,,Buckeye,Cape Gavi,St.John,  Premium Unleaded Gasoline,17000.0,0.0,19003817.0,,,,,2020,11,10,Nov
2020-11-10,,Buckeye,Cape Gavi,St.John,  Unleaded Gasoline,16000.0,0.0,19019817.0,,,,,2020,11,10,Nov
2020-11-10,,Buckeye,Cape Gavi,St.John,  Unleaded Gasoline,39000.0,0.0,19058817.0,,,,,2020,11,10,Nov
2020-11-11,,Citgo,Eva leigh Cutler,New York,  Ethanol (aka E100),21000.0,0.0,19079817.0,,,,,2020,11,11,Nov
2020-11-12,,Citgo,Cape Gavi,St.John,  Unleaded Gasoline,170000.0,0.0,19249817.0,,,,,2020,11,12,Nov
2020-11-14,,Citgo,DBL-104,New York,  Ethanol (aka E100),10000.0,0.0,19259817.0,,,,,2020,11,14,Nov
2020-11-15,,Buckeye,DBL-104,New York,  Ethanol (aka E100),15000.0,0.0,19274817.0,,,,,2020,11,15,Nov
2020-11-16,,Sprague,RTC-102,"Linden, New Jersey",  Jet Fuel,20000.0,0.0,19294817.0,,,,,2020,11,16,Nov
2020-11-17,,Gulf,Genisis Victory,"Boston, MA",  Ethanol (aka E100),25000.0,0.0,19319817.0,,,,,2020,11,17,Nov
2020-11-18,,Citgo,Cape Gavi,St.John,  Diesel (aka ULSD),32000.0,0.0,19351817.0,,,,,2020,11,18,Nov
2020-11-18,,Citgo,Cape Gavi,St.John,  Unleaded Gasoline,42000.0,0.0,19393817.0,,,,,2020,11,18,Nov
2020-11-18,,Citgo,Cape Gavi,St.John,  Diesel (aka ULSD),32000.0,0.0,19425817.0,,,,,2020,11,18,Nov
2020-11-18,,Citgo,Cape Gavi,St.John,  Unleaded Gasoline,42000.0,0.0,19467817.0,,,,,2020,11,18,Nov
2020-11-18,,Citgo,Cape Gavi,St.John,  Unleaded Gasoline,42000.0,0.0,19509817.0,,,,,2020,11,18,Nov
2020-11-18,,Citgo,Cape Gavi,St.John,  Diesel (aka ULSD),32000.0,0.0,19541817.0,,,,,2020,11,18,Nov
2020-11-18,,Citgo,Cape Gavi,St.John,  Unleaded Gasoline,42000.0,0.0,19583817.0,,,,,2020,11,18,Nov
2020-11-18,,Citgo,Cape Gavi,St.John,  Diesel (aka ULSD),32000.0,0.0,19615817.0,,,,,2020,11,18,Nov
2020-11-19,,Citgo,Cape Gavi,St.John,  Diesel (aka ULSD),25000.0,0.0,19640817.0,,,,,2020,11,19,Nov
2020-11-21,,Citgo,Iver Prosperity,St.John,  Unleaded Gasoline,90000.0,0.0,19730817.0,,,,,2020,11,21,Nov
2020-11-22,,Citgo,DBL-104,New York,  Ethanol (aka E100),15000.0,0.0,19745817.0,,,,,2020,11,22,Nov
2020-11-23,,Buckeye,Cape Gavi,St.John,  Unleaded Gasoline,69000.0,0.0,19814817.0,,,,,2020,11,23,Nov
2020-11-23,,Gulf,Hafnia Henriette ,"Boston, MA",  Unleaded Gasoline,131175.0,0.0,19945992.0,,,,,2020,11,23,Nov
2020-11-23,,Buckeye,Cape Gavi,St.John,  Unleaded Gasoline,90000.0,0.0,20035992.0,,,,,2020,11,23,Nov
2020-11-23,,Buckeye,Cape Gavi,St.John,"  2 Fuel Oil (aka FO, MGO, DMA)",49000.0,0.0,20084992.0,,,,,2020,11,23,Nov
2020-11-24,,Citgo,Cape Gavi,St.John,  Unleaded Gasoline,53000.0,0.0,20137992.0,,,,,2020,11,24,Nov
2020-11-28,,Citgo,Noreaster,St.John,  Unleaded Gasoline,162000.0,0.0,20299992.0,,,,,2020,11,28,Nov
2020-11-28,,Citgo,Noreaster,St.John,  Diesel (aka ULSD),50000.0,0.0,20349992.0,,,,,2020,11,28,Nov
2020-11-28,,Citgo,Noreaster,St.John,"  2 Fuel Oil (aka FO, MGO, DMA)",42000.0,0.0,20391992.0,,,,,2020,11,28,Nov
2020-11-30,,Gulf,Fight ALS,New York,  Diesel (aka ULSD),82000.0,0.0,20473992.0,,,,,2020,11,30,Nov
2020-12-02,,Global ,Citron,"Antwerp, Belgium","  2 Fuel Oil (aka FO, MGO, DMA)",125000.0,0.0,20598992.0,,,,,2020,12,2,Dec
2020-12-04,,Buckeye,DBL-104,New York,  Ethanol (aka E100),11000.0,0.0,20609992.0,,,,,2020,12,4,Dec
2020-12-04,,Global ,New England,,  6 Fuel Oil (aka IFO 380),2032.0,0.0,20612024.0,,,,,2020,12,4,Dec
2020-12-04,,Global ,New England,,"  2 Fuel Oil (aka FO, MGO, DMA)",726.0,0.0,20612750.0,,,,,2020,12,4,Dec
2020-12-07,,Citgo,DBL-104,"Boston, MA",  Ethanol (aka E100),14000.0,0.0,20626750.0,,,,,2020,12,7,Dec
2020-12-08,,Citgo,Eva leigh Cutler,"Boston, MA",  Ethanol (aka E100),15200.0,0.0,20641950.0,,,,,2020,12,8,Dec
2020-12-09,,Sprague,RTC-102,New Jersey,"  2 Fuel Oil (aka FO, MGO, DMA)",75000.0,0.0,20716950.0,,,,,2020,12,9,Dec
2020-12-11,,Citgo,Cape Gavi,St.John,  Unleaded Gasoline,85000.0,0.0,20801950.0,,,,,2020,12,11,Dec
2020-12-11,,Citgo,Cape Gavi,St.John,  Premium Unleaded Gasoline,38000.0,0.0,20839950.0,,,,,2020,12,11,Dec
2020-12-13,,Buckeye,Great Eastern ,St.John,"  2 Fuel Oil (aka FO, MGO, DMA)",53000.0,0.0,20892950.0,,,,,2020,12,13,Dec
2020-12-13,,Buckeye,Great Eastern ,St.John,  Unleaded Gasoline,21000.0,0.0,20913950.0,,,,,2020,12,13,Dec
2020-12-13,,Gulf,Cape Gavi,St.John,  Unleaded Gasoline,12000.0,0.0,20925950.0,,,,,2020,12,13,Dec
2020-12-13,,Citgo,Great Eastern ,St.John,  Unleaded Gasoline,110000.0,0.0,21035950.0,,,,,2020,12,13,Dec
2020-12-13,,Citgo,Great Eastern ,St.John,"  2 Fuel Oil (aka FO, MGO, DMA)",25000.0,0.0,21060950.0,,,,,2020,12,13,Dec
2020-12-13,,Citgo,Great Eastern ,St.John,  Diesel (aka ULSD),50000.0,0.0,21110950.0,,,,,2020,12,13,Dec
2020-12-14,,Sprague,MT.LYSIAS,,"  2 Fuel Oil (aka FO, MGO, DMA)",75000.0,0.0,21185950.0,,,,,2020,12,14,Dec
2020-12-14,,Sprague,MT.LYSIAS,,  Diesel (aka ULSD),75000.0,0.0,21260950.0,,,,,2020,12,14,Dec
2020-12-14,,Citgo,Great Eastern ,St.John,  Diesel (aka ULSD),50000.0,0.0,21310950.0,,,,,2020,12,14,Dec
2020-12-14,,Citgo,Great Eastern ,St.John,"  2 Fuel Oil (aka FO, MGO, DMA)",25000.0,0.0,21335950.0,,,,,2020,12,14,Dec
2020-12-14,,Citgo,Great Eastern ,St.John,  Unleaded Gasoline,112000.0,0.0,21447950.0,,,,,2020,12,14,Dec
2020-12-15,,Citgo,Iver Prosperity,St.John,  Diesel (aka ULSD),75000.0,0.0,21522950.0,,,,,2020,12,15,Dec
2020-12-15,,Citgo,DBL-104,New York,  Ethanol (aka E100),15000.0,0.0,21537950.0,,,,,2020,12,15,Dec
2020-12-16,,Buckeye,Iver Prosperity,St.John,"  2 Fuel Oil (aka FO, MGO, DMA)",45000.0,0.0,21582950.0,,,,,2020,12,16,Dec
2020-12-22,,Buckeye,Cape Gavi,St.John,  Diesel (aka ULSD),65000.0,0.0,21647950.0,,,,,2020,12,22,Dec
2020-12-22,,Buckeye,Cape Gavi,St.John,  Unleaded Gasoline,32000.0,0.0,21679950.0,,,,,2020,12,22,Dec
2020-12-23,,Global ,New England,,"  2 Fuel Oil (aka FO, MGO, DMA)",0.0,1452.0,21678498.0,,,,1452.0,2020,12,23,Dec
2020-12-23,,Citgo,Cape Gavi,St.John,  Unleaded Gasoline,103000.0,0.0,21781498.0,,,,,2020,12,23,Dec
2020-12-23,,Citgo,Cape Gavi,St.John,  Diesel (aka ULSD),18000.0,0.0,21799498.0,,,,,2020,12,23,Dec
2020-12-26,,Citgo,Noreaster,St.John,  Diesel (aka ULSD),45000.0,0.0,21844498.0,,,,,2020,12,26,Dec
2020-12-26,,Citgo,Noreaster,St.John,  Premium Unleaded Gasoline,20000.0,0.0,21864498.0,,,,,2020,12,26,Dec
2020-12-26,,Citgo,Noreaster,St.John,  Unleaded Gasoline,70000.0,0.0,21934498.0,,,,,2020,12,26,Dec
2020-12-27,,Gulf,Fight ALS,New Jersey,  Diesel (aka ULSD),84000.0,0.0,22018498.0,,,,,2020,12,27,Dec
2020-12-28,,Buckeye,DBL-104,New York,  Diesel (aka ULSD),20000.0,0.0,22038498.0,,,,,2020,12,28,Dec
2020-12-28,,Buckeye,Noreaster,St.John,  Unleaded Gasoline,15000.0,0.0,22053498.0,,,,,2020,12,28,Dec
2020-12-28,,Buckeye,Noreaster,St.John,  Premium Unleaded Gasoline,18000.0,0.0,22071498.0,,,,,2020,12,28,Dec
2020-12-28,,Buckeye,Noreaster,St.John,  Unleaded Gasoline,50000.0,0.0,22121498.0,,,,,2020,12,28,Dec
2020-12-28,,Buckeye,Noreaster,St.John,  Diesel (aka ULSD),42000.0,0.0,22163498.0,,,,,2020,12,28,Dec
2020-12-28,,Citgo,DBL-104,New York,  Ethanol (aka E100),15000.0,0.0,22178498.0,,,,,2020,12,28,Dec
2020-12-29,,Gulf,DBL-102,St.John,  Unleaded Gasoline,100000.0,0.0,22278498.0,,,,,2020,12,29,Dec
2020-12-30,,Citgo,Great Eastern ,St.John,  Unleaded Gasoline,87000.0,0.0,22365498.0,,,,,2020,12,30,Dec
2021-01-04,,Buckeye,Iver Prosperity,St. John ,"  2 Fuel Oil (aka FO, MGO, DMA)",30000.0,0.0,22395498.0,,,,,2021,1,4,Jan
2021-01-04,,Buckeye,Iver Prosperity,St. John ,  Unleaded Gasoline,35000.0,0.0,22430498.0,,,,,2021,1,4,Jan
2021-01-04,,Buckeye,Iver Prosperity,St. John ,  Diesel (aka ULSD),15000.0,0.0,22445498.0,,,,,2021,1,4,Jan
2021-01-04,,Global,New England,,"  2 Fuel Oil (aka FO, MGO, DMA)",726.0,0.0,22446224.0,,,,,2021,1,4,Jan
2021-01-04,,Citgo,Iver Prosperity,St. John ,  Premium Unleaded Gasoline,32000.0,0.0,22478224.0,,,,,2021,1,4,Jan
2021-01-04,,Buckeye,Iver Prosperity,St. John ,  Unleaded Gasoline,30000.0,0.0,22508224.0,,,,,2021,1,4,Jan
2021-01-04,,Buckeye,Iver Prosperity,St. John ,  Premium Unleaded Gasoline,15000.0,0.0,22523224.0,,,,,2021,1,4,Jan
2021-01-04,,Citgo,Iver Prosperity,St. John ,  Unleaded Gasoline,70000.0,0.0,22593224.0,,,,,2021,1,4,Jan
2021-01-04,,Citgo,Iver Prosperity,St. John ,  Diesel (aka ULSD),42000.0,0.0,22635224.0,,,,,2021,1,4,Jan
2021-01-07,,Global,New England,,"  2 Fuel Oil (aka FO, MGO, DMA)",1452.0,0.0,22636676.0,,,,,2021,1,7,Jan
2021-01-07,,Buckeye,DBL-104,New York,  Ethanol (aka E100),15000.0,0.0,22651676.0,,,,,2021,1,7,Jan
2021-01-07,,Citgo,DBL-104,St. John ,  Ethanol (aka E100),15000.0,0.0,22666676.0,,,,,2021,1,7,Jan
2021-01-07,,Global,New England,,  6 Fuel Oil (aka IFO 380),2371.0,0.0,22669047.0,,,,,2021,1,7,Jan
2021-01-08,,Gulf,DBL-102,"New Haven, CT",  Ethanol (aka E100),28000.0,0.0,22697047.0,,,,,2021,1,8,Jan
2021-01-09,,Buckeye,New England,St. John ,"  2 Fuel Oil (aka FO, MGO, DMA)",50000.0,0.0,22747047.0,,,,,2021,1,9,Jan
2021-01-09,,Buckeye,New England,St. John ,  Diesel (aka ULSD),42000.0,0.0,22789047.0,,,,,2021,1,9,Jan
2021-01-09,,Buckeye,New England,St. John ,  Unleaded Gasoline,30000.0,0.0,22819047.0,,,,,2021,1,9,Jan
2021-01-09,,Buckeye,New England,St. John ,  Unleaded Gasoline,53000.0,0.0,22872047.0,,,,,2021,1,9,Jan
2021-01-09,,Sprague,MT PTI,Bahamas,  Diesel (aka ULSD),20000.0,0.0,22892047.0,,,,,2021,1,9,Jan
2021-01-09,,Sprague,MT PTI,Bahamas,"  2 Fuel Oil (aka FO, MGO, DMA)",100000.0,0.0,22992047.0,,,,,2021,1,9,Jan
2021-01-10,,Global,New England,,  6 Fuel Oil (aka IFO 380),0.0,4066.0,22987981.0,,,,4066.0,2021,1,10,Jan
2021-01-10,,Citgo,New England,St. John ,  Unleaded Gasoline,90000.0,0.0,23077981.0,,,,,2021,1,10,Jan
2021-01-10,,Global,New England,,"  2 Fuel Oil (aka FO, MGO, DMA)",0.0,1089.0,23076892.0,,,,1089.0,2021,1,10,Jan
2021-01-14,,Buckeye,New England,St. John ,  Unleaded Gasoline,27000.0,0.0,23103892.0,,,,,2021,1,14,Jan
2021-01-14,,Buckeye,New England,St. John ,  Diesel (aka ULSD),20000.0,0.0,23123892.0,,,,,2021,1,14,Jan
2021-01-14,,Buckeye,New England,St. John ,"  2 Fuel Oil (aka FO, MGO, DMA)",40000.0,0.0,23163892.0,,,,,2021,1,14,Jan
2021-01-15,,Gulf,Fight ALS,"Perth Amboy, NJ","  2 Fuel Oil (aka FO, MGO, DMA)",82000.0,0.0,23245892.0,,,,,2021,1,15,Jan
2021-01-15,,Citgo,New England,St. John ,  Diesel (aka ULSD),25000.0,0.0,23270892.0,,,,,2021,1,15,Jan
2021-01-15,,Citgo,New England,St. John ,"  2 Fuel Oil (aka FO, MGO, DMA)",50000.0,0.0,23320892.0,,,,,2021,1,15,Jan
2021-01-15,,Citgo,New England,St. John ,  Unleaded Gasoline,75000.0,0.0,23395892.0,,,,,2021,1,15,Jan
2021-01-18,,Global,RTC-145,"Revere,MA",  1 Fuel Oil,20000.0,0.0,23415892.0,,,,,2021,1,18,Jan
2021-01-18,,Citgo,DBL-104,New York,  Ethanol (aka E100),15000.0,0.0,23430892.0,,,,,2021,1,18,Jan
2021-01-19,,Gulf,Cape Gavi,St. John ,  Unleaded Gasoline,42000.0,0.0,23472892.0,,,,,2021,1,19,Jan
2021-01-21,,Global,Great Kappa,"Southwold, UK","  2 Fuel Oil (aka FO, MGO, DMA)",100000.0,0.0,23572892.0,,,,,2021,1,21,Jan
2021-01-21,,Buckeye,Iver Prosperity,St. John ,  Ethanol (aka E100),45000.0,0.0,23617892.0,,,,,2021,1,21,Jan
2021-01-21,,Buckeye,Iver Prosperity,St. John ,  Diesel (aka ULSD),25000.0,0.0,23642892.0,,,,,2021,1,21,Jan
2021-01-21,,Buckeye,Iver Prosperity,St. John ,  Unleaded Gasoline,34000.0,0.0,23676892.0,,,,,2021,1,21,Jan
2021-01-25,,Gulf,Nave Pulsar,"New Haven, CT",  Unleaded Gasoline,118000.0,0.0,23794892.0,,,,,2021,1,25,Jan
2021-01-27,,Buckeye,DBL-104,New York,  Ethanol (aka E100),20000.0,0.0,23814892.0,,,,,2021,1,27,Jan
2021-01-30,,Buckeye,Great Eastern,St. John ,"  2 Fuel Oil (aka FO, MGO, DMA)",45000.0,0.0,23859892.0,,,,,2021,1,30,Jan
2021-01-30,,Sprague,MT Cajun Sun,"Southwold, UK","  2 Fuel Oil (aka FO, MGO, DMA)",127000.0,0.0,23986892.0,,,,,2021,1,30,Jan
2021-01-30,,Buckeye,Great Eastern,St. John ,  Diesel (aka ULSD),20000.0,0.0,24006892.0,,,,,2021,1,30,Jan
2021-01-30,,Buckeye,Great Eastern,St. John ,  Unleaded Gasoline,25000.0,0.0,24031892.0,,,,,2021,1,30,Jan
2021-01-30,,Buckeye,Great Eastern,St. John ,  Premium Unleaded Gasoline,14000.0,0.0,24045892.0,,,,,2021,1,30,Jan
2021-01-30,,Buckeye,Great Eastern,St. John ,  Unleaded Gasoline,30000.0,0.0,24075892.0,,,,,2021,1,30,Jan
2021-01-31,,Citgo,Great Eastern,St. John ,  Diesel (aka ULSD),30000.0,0.0,24105892.0,,,,,2021,1,31,Jan
2021-01-31,,Citgo,Great Eastern,St. John ,  Premium Unleaded Gasoline,20000.0,0.0,24125892.0,,,,,2021,1,31,Jan
2021-01-31,,Global,New England,,"  2 Fuel Oil (aka FO, MGO, DMA)",0.0,871.0,24125021.0,,,,871.0,2021,1,31,Jan
2021-01-31,,Global,New England,,  6 Fuel Oil (aka IFO 380),0.0,1694.0,24123327.0,,,,1694.0,2021,1,31,Jan
2021-01-31,,Citgo,Great Eastern,St. John ,  Unleaded Gasoline,77000.0,0.0,24200327.0,,,,,2021,1,31,Jan
2021-01-31,,Gulf,Fight ALS,New York,  Diesel (aka ULSD),10000.0,0.0,24210327.0,,,,,2021,1,31,Jan
2021-02-09,,Citgo,Nor'easter,St. John ,  Unleaded Gasoline,110000.0,0.0,24320327.0,,,,,2021,2,9,Feb
2021-02-09,,Citgo,Nor'easter,St. John ,  Diesel (aka ULSD),20000.0,0.0,24340327.0,,,,,2021,2,9,Feb
2021-02-10,,Gulf,MTM Hudson,"New Haven, CT",  Unleaded Gasoline,75000.0,0.0,24415327.0,,,,,2021,2,10,Feb
2021-02-11,,Global,New England,,  6 Fuel Oil (aka IFO 380),1355.0,0.0,24416682.0,,,,,2021,2,11,Feb
2021-02-11,,Global,Markos 1,,"  2 Fuel Oil (aka FO, MGO, DMA)",100000.0,0.0,24516682.0,,,,,2021,2,11,Feb
2021-02-11,,Global,New England,,"  2 Fuel Oil (aka FO, MGO, DMA)",1089.0,0.0,24517771.0,,,,,2021,2,11,Feb
2021-02-13,,Buckeye,Cape Gavi,St. John ,  Diesel (aka ULSD),42000.0,0.0,24559771.0,,,,,2021,2,13,Feb
2021-02-13,,Buckeye,Cape Gavi,St. John ,  Unleaded Gasoline,18000.0,0.0,24577771.0,,,,,2021,2,13,Feb
2021-02-13,,Buckeye,Cape Gavi,St. John ,  Unleaded Gasoline,65000.0,0.0,24642771.0,,,,,2021,2,13,Feb
2021-02-14,,Global,New England,,  6 Fuel Oil (aka IFO 380),0.0,2371.0,24640400.0,,,,2371.0,2021,2,14,Feb
2021-02-14,,Global,New England,,"  2 Fuel Oil (aka FO, MGO, DMA)",0.0,1525.0,24638875.0,,,,1525.0,2021,2,14,Feb
2021-02-14,,Citgo,Cape Gavi,St. John ,  Unleaded Gasoline,85000.0,0.0,24723875.0,,,,,2021,2,14,Feb
2021-02-14,,Citgo,Cape Gavi,St. John ,  Unleaded Gasoline,52000.0,0.0,24775875.0,,,,,2021,2,14,Feb
2021-02-15,,Sprague,RTC-104,"Portsmouth, NH",  Other,15000.0,0.0,24790875.0,,,,,2021,2,15,Feb
2021-02-15,,Sprague,RTC-104,"Portsmouth, NH","  2 Fuel Oil (aka FO, MGO, DMA)",35000.0,0.0,24825875.0,,,,,2021,2,15,Feb
2021-02-16,,Citgo,DBL-104,New York,  Ethanol (aka E100),15000.0,0.0,24840875.0,,,,,2021,2,16,Feb
2021-02-17,,Gulf,DBL-102,"Chelsea, MA",  Unleaded Gasoline,32000.0,0.0,24872875.0,,,,,2021,2,17,Feb
2021-02-17,,Buckeye,DBL-104,New York,  Ethanol (aka E100),10000.0,0.0,24882875.0,,,,,2021,2,17,Feb
2021-02-18,,Citgo,Eva Leigh Cutler,New York,  Ethanol (aka E100),64000.0,0.0,24946875.0,,,,,2021,2,18,Feb
2021-02-18,,Gulf,Fight ALS,"Bayonne, NJ",  Diesel (aka ULSD),83000.0,0.0,25029875.0,,,,,2021,2,18,Feb
2021-02-20,,Buckeye,Nor'easter,St. John ,  Unleaded Gasoline,11000.0,0.0,25040875.0,,,,,2021,2,20,Feb
2021-02-20,,Buckeye,Nor'easter,St. John ,  Unleaded Gasoline,22000.0,0.0,25062875.0,,,,,2021,2,20,Feb
2021-02-20,,Buckeye,Nor'easter,St. John ,  Diesel (aka ULSD),33000.0,0.0,25095875.0,,,,,2021,2,20,Feb
2021-02-20,,Buckeye,Nor'easter,St. John ,"  2 Fuel Oil (aka FO, MGO, DMA)",42000.0,0.0,25137875.0,,,,,2021,2,20,Feb
2021-02-21,,Citgo,Nor'easter,St. John ,  Unleaded Gasoline,85000.0,0.0,25222875.0,,,,,2021,2,21,Feb
2021-02-21,,Citgo,Nor'easter,St. John ,  Unleaded Gasoline,50000.0,0.0,25272875.0,,,,,2021,2,21,Feb
2021-02-21,,Citgo,Nor'easter,St. John ,  Diesel (aka ULSD),17000.0,0.0,25289875.0,,,,,2021,2,21,Feb
2021-02-26,,Buckeye,Iver Prosperity,St. John ,  Premium Unleaded Gasoline,10000.0,0.0,25299875.0,,,,,2021,2,26,Feb
2021-02-26,,Buckeye,Iver Prosperity,St. John ,  Unleaded Gasoline,40000.0,0.0,25339875.0,,,,,2021,2,26,Feb
2021-02-26,,Buckeye,Iver Prosperity,St. John ,"  2 Fuel Oil (aka FO, MGO, DMA)",45000.0,0.0,25384875.0,,,,,2021,2,26,Feb
2021-02-26,,Buckeye,Iver Prosperity,St. John ,  Unleaded Gasoline,45000.0,0.0,25429875.0,,,,,2021,2,26,Feb
2021-02-26,,Citgo,Iver Prosperity,St. John ,  Unleaded Gasoline,120000.0,0.0,25549875.0,,,,,2021,2,26,Feb
2021-02-28,,Citgo,East Coast,St. John ,  Diesel (aka ULSD),42000.0,0.0,25591875.0,,,,,2021,2,28,Feb
2021-02-28,,Portland Pipeline,Cobalt Sun,,  Crude Oil,700000.0,0.0,26291875.0,,,,,2021,2,28,Feb
2021-02-28,,Citgo,East Coast,St. John ,  Unleaded Gasoline,65000.0,0.0,26356875.0,,,,,2021,2,28,Feb
2021-03-01,,Buckeye,East Coast,St. John ,  Unleaded Gasoline,30000.0,0.0,26386875.0,,,,,2021,3,1,Mar
2021-03-01,,Buckeye,East Coast,St. John ,"  2 Fuel Oil (aka FO, MGO, DMA)",45000.0,0.0,26431875.0,,,,,2021,3,1,Mar
2021-03-01,,Buckeye,East Coast,St. John ,  Diesel (aka ULSD),38000.0,0.0,26469875.0,,,,,2021,3,1,Mar
2021-03-01,,Buckeye,East Coast,St. John ,  Unleaded Gasoline,45000.0,0.0,26514875.0,,,,,2021,3,1,Mar
2021-03-02,,Global,Torm Stellar,Belgium,"  2 Fuel Oil (aka FO, MGO, DMA)",100000.0,0.0,26614875.0,,,,,2021,3,2,Mar
2021-03-05,,Buckeye,East Coast,St. John ,  Unleaded Gasoline,38000.0,0.0,26652875.0,,,,,2021,3,5,Mar
2021-03-05,,Citgo,DBL-104,"Boston, MA",  Ethanol (aka E100),12000.0,0.0,26664875.0,,,,,2021,3,5,Mar
2021-03-05,,Buckeye,DBL-104,New York,  Ethanol (aka E100),8000.0,0.0,26672875.0,,,,,2021,3,5,Mar
2021-03-05,,Buckeye,East Coast,St. John ,  Diesel (aka ULSD),42000.0,0.0,26714875.0,,,,,2021,3,5,Mar
2021-03-05,,Buckeye,East Coast,St. John ,"  2 Fuel Oil (aka FO, MGO, DMA)",50000.0,0.0,26764875.0,,,,,2021,3,5,Mar
2021-03-06,,Citgo,East Coast,St. John ,  Unleaded Gasoline,83000.0,0.0,26847875.0,,,,,2021,3,6,Mar
2021-03-06,,Citgo,East Coast,St. John ,  Diesel (aka ULSD),45000.0,0.0,26892875.0,,,,,2021,3,6,Mar
2021-03-08,,Global,New England,,"  2 Fuel Oil (aka FO, MGO, DMA)",2541.0,0.0,26895416.0,,,,,2021,3,8,Mar
2021-03-09,,Sprague,Palanca Rio,St. John ,  Asphalt,84000.0,0.0,26979416.0,,,,,2021,3,9,Mar
2021-03-09,,Global,New England,,"  2 Fuel Oil (aka FO, MGO, DMA)",799.0,0.0,26980215.0,,,,,2021,3,9,Mar
2021-03-09,,Global,New England,,  6 Fuel Oil (aka IFO 380),1355.0,0.0,26981570.0,,,,,2021,3,9,Mar
2021-03-11,,Gulf,Fight ALS,New Jersey,  Diesel (aka ULSD),78000.0,0.0,27059570.0,,,,,2021,3,11,Mar
2021-03-12,,Citgo,New England,St. John ,  Unleaded Gasoline,38000.0,0.0,27097570.0,,,,,2021,3,12,Mar
2021-03-12,,Citgo,New England,St. John ,"  2 Fuel Oil (aka FO, MGO, DMA)",35000.0,0.0,27132570.0,,,,,2021,3,12,Mar
2021-03-12,,Citgo,New England,St. John ,  Diesel (aka ULSD),35000.0,0.0,27167570.0,,,,,2021,3,12,Mar
2021-03-12,,Citgo,New England,St. John ,  Premium Unleaded Gasoline,4000.0,0.0,27171570.0,,,,,2021,3,12,Mar
2021-03-13,,Citgo,Great Eastern,St. John ,  Diesel (aka ULSD),45000.0,0.0,27216570.0,,,,,2021,3,13,Mar
2021-03-13,,Citgo,Great Eastern,St. John ,  Unleaded Gasoline,38000.0,0.0,27254570.0,,,,,2021,3,13,Mar
2021-03-13,,Citgo,DBL-104,"Boston, MA",  Ethanol (aka E100),15000.0,0.0,27269570.0,,,,,2021,3,13,Mar
2021-03-16,,Buckeye,New England,St. John ,  Diesel (aka ULSD),25000.0,0.0,27294570.0,,,,,2021,3,16,Mar
2021-03-16,,Buckeye,New England,St. John ,  Premium Unleaded Gasoline,38000.0,0.0,27332570.0,,,,,2021,3,16,Mar
2021-03-19,,Sprague,RTC-104,"Quincy, MA",  Jet Fuel,20000.0,0.0,27352570.0,,,,,2021,3,19,Mar
2021-03-19,,Sprague,RTC-104,"Quincy, MA",  Diesel (aka ULSD),20000.0,0.0,27372570.0,,,,,2021,3,19,Mar
2021-03-20,,Buckeye,Cape Gavi,St. John ,  Unleaded Gasoline,70000.0,0.0,27442570.0,,,,,2021,3,20,Mar
2021-03-20,,Buckeye,Cape Gavi,St. John ,  Unleaded Gasoline,50000.0,0.0,27492570.0,,,,,2021,3,20,Mar
2021-03-20,,Buckeye,Cape Gavi,St. John ,"  2 Fuel Oil (aka FO, MGO, DMA)",46000.0,0.0,27538570.0,,,,,2021,3,20,Mar
2021-03-21,,Citgo,Cape Gavi,St. John ,  Diesel (aka ULSD),25000.0,0.0,27563570.0,,,,,2021,3,21,Mar
2021-03-21,,Citgo,Cape Gavi,St. John ,"  2 Fuel Oil (aka FO, MGO, DMA)",20900.0,0.0,27584470.0,,,,,2021,3,21,Mar
2021-03-21,,Citgo,Cape Gavi,St. John ,  Unleaded Gasoline,58000.0,0.0,27642470.0,,,,,2021,3,21,Mar
2021-03-25,,Citgo,Eva Leigh Cutler,"Braintree, MA",  Ethanol (aka E100),26000.0,0.0,27668470.0,,,,,2021,3,25,Mar
2021-03-26,,Citgo,DBL-104,New York,  Ethanol (aka E100),18000.0,0.0,27686470.0,,,,,2021,3,26,Mar
2021-03-26,,Gulf,Cape Gavi,St. John ,  Unleaded Gasoline,80000.0,0.0,27766470.0,,,,,2021,3,26,Mar
2021-03-28,,Citgo,Nor'easter,St. John ,  Premium Unleaded Gasoline,25000.0,0.0,27791470.0,,,,,2021,3,28,Mar
2021-03-28,,Citgo,Nor'easter,St. John ,  Diesel (aka ULSD),45000.0,0.0,27836470.0,,,,,2021,3,28,Mar
2021-03-28,,Citgo,Nor'easter,St. John ,  Unleaded Gasoline,96000.0,0.0,27932470.0,,,,,2021,3,28,Mar
2021-03-28,,Sprague,RTC-104,"Newington,NH","  2 Fuel Oil (aka FO, MGO, DMA)",40000.0,0.0,27972470.0,,,,,2021,3,28,Mar
2021-03-29,,Sprague,RTC-104,"Newington,NH","  2 Fuel Oil (aka FO, MGO, DMA)",40000.0,0.0,28012470.0,,,,,2021,3,29,Mar
2021-03-30,,Sprague,Fight ALS,New York,"  2 Fuel Oil (aka FO, MGO, DMA)",15000.0,0.0,28027470.0,,,,,2021,3,30,Mar
2021-03-30,,Gulf,Fight ALS,New Jersey,  Diesel (aka ULSD),83000.0,0.0,28110470.0,,,,,2021,3,30,Mar
2021-03-31,,Buckeye,Acadian,St. John ,  Diesel (aka ULSD),45000.0,0.0,28155470.0,,,,,2021,3,31,Mar
2021-03-31,,Global,Palanca Rio,St. John ,  Asphalt,42000.0,0.0,28197470.0,,,,,2021,3,31,Mar
2021-03-31,,Buckeye,Acadian,St. John ,"  2 Fuel Oil (aka FO, MGO, DMA)",45000.0,0.0,28242470.0,,,,,2021,3,31,Mar
2021-03-31,,Buckeye,Acadian,St. John ,  Unleaded Gasoline,85000.0,0.0,28327470.0,,,,,2021,3,31,Mar
2021-03-31,,Global,RTC-145,"Bayonne, NJ",  1 Fuel Oil,25000.0,0.0,28352470.0,,,,,2021,3,31,Mar
2021-04-02,,Global,Hellas Califa,,"  2 Fuel Oil (aka FO, MGO, DMA)",120000.0,0.0,28472470.0,,,,,2021,4,2,Apr
2021-04-02,,Global,New England,,  6 Fuel Oil (aka IFO 380),2032.0,0.0,28474502.0,,,,,2021,4,2,Apr
2021-04-02,,Global,New England,,  6 Fuel Oil (aka IFO 380),2032.0,0.0,28476534.0,,,,,2021,4,2,Apr
2021-04-06,,Citgo,DBL-104,"Boston, MA",  Ethanol (aka E100),17000.0,0.0,28493534.0,,,,,2021,4,6,Apr
2021-04-06,,Buckeye,DBL-104,New York,  Ethanol (aka E100),10000.0,0.0,28503534.0,,,,,2021,4,6,Apr
2021-04-06,,Sprague,Mt East Coast,St. John ,"  2 Fuel Oil (aka FO, MGO, DMA)",45000.0,0.0,28548534.0,,,,,2021,4,6,Apr
2021-04-08,,Buckeye,Iver Prosperity,St. John ,  Diesel (aka ULSD),30000.0,0.0,28578534.0,,,,,2021,4,8,Apr
2021-04-08,,Citgo,Iver Prosperity,St. John ,  Unleaded Gasoline,65000.0,0.0,28643534.0,,,,,2021,4,8,Apr
2021-04-08,,Citgo,Iver Prosperity,St. John ,"  2 Fuel Oil (aka FO, MGO, DMA)",20000.0,0.0,28663534.0,,,,,2021,4,8,Apr
2021-04-08,,Citgo,Iver Prosperity,St. John ,  Diesel (aka ULSD),30000.0,0.0,28693534.0,,,,,2021,4,8,Apr
2021-04-08,,Buckeye,Iver Prosperity,St. John ,  Unleaded Gasoline,40000.0,0.0,28733534.0,,,,,2021,4,8,Apr
2021-04-08,,Buckeye,Iver Prosperity,St. John ,  Unleaded Gasoline,35000.0,0.0,28768534.0,,,,,2021,4,8,Apr
2021-04-08,,Buckeye,Iver Prosperity,St. John ,"  2 Fuel Oil (aka FO, MGO, DMA)",50000.0,0.0,28818534.0,,,,,2021,4,8,Apr
2021-04-12,,Gulf,Maersk Messina,New York,  Unleaded Gasoline,200000.0,0.0,29018534.0,,,,,2021,4,12,Apr
2021-04-13,,Gulf,RTC-150,"New Haven, CT",  Ethanol (aka E100),33000.0,0.0,29051534.0,,,,,2021,4,13,Apr
2021-04-13,,Buckeye,Nor'easter,St. John ,"  2 Fuel Oil (aka FO, MGO, DMA)",20000.0,0.0,29071534.0,,,,,2021,4,13,Apr
2021-04-13,,Buckeye,Nor'easter,St. John ,  Diesel (aka ULSD),25000.0,0.0,29096534.0,,,,,2021,4,13,Apr
2021-04-13,,Buckeye,Nor'easter,St. John ,  Unleaded Gasoline,94000.0,0.0,29190534.0,,,,,2021,4,13,Apr
2021-04-14,,Gulf,Nor'easter,St. John ,  Unleaded Gasoline,12000.0,0.0,29202534.0,,,,,2021,4,14,Apr
2021-04-16,,Citgo,New England,St. John ,  Premium Unleaded Gasoline,18000.0,0.0,29220534.0,,,,,2021,4,16,Apr
2021-04-16,,Citgo,New England,St. John ,  Unleaded Gasoline,90000.0,0.0,29310534.0,,,,,2021,4,16,Apr
2021-04-16,,Gulf,New England,St. John ,  Unleaded Gasoline,12000.0,0.0,29322534.0,,,,,2021,4,16,Apr
2021-04-23,,Citgo,New England,St. John ,  Unleaded Gasoline,76000.0,0.0,29398534.0,,,,,2021,4,23,Apr
2021-04-26,,Sprague,Penn 92,St. John ,  Other,18500.0,0.0,29417034.0,,,,,2021,4,26,Apr
2021-04-26,,Sprague,Penn 92,St. John ,  Asphalt,71000.0,0.0,29488034.0,,,,,2021,4,26,Apr
2021-04-26,,Global,New England,,  6 Fuel Oil (aka IFO 380),2254.0,0.0,29490288.0,,,,,2021,4,26,Apr
2021-04-27,,Gulf,Nor'easter,St. John ,  Diesel (aka ULSD),60000.0,0.0,29550288.0,,,,,2021,4,27,Apr
2021-04-27,,Gulf,Nor'easter,St. John ,  Unleaded Gasoline,40000.0,0.0,29590288.0,,,,,2021,4,27,Apr
2021-04-28,,Buckeye,East Coast,St. John ,  Unleaded Gasoline,45000.0,0.0,29635288.0,,,,,2021,4,28,Apr
2021-04-28,,Buckeye,East Coast,St. John ,  Unleaded Gasoline,68000.0,0.0,29703288.0,,,,,2021,4,28,Apr
2021-04-28,,Buckeye,East Coast,St. John ,  Diesel (aka ULSD),25000.0,0.0,29728288.0,,,,,2021,4,28,Apr
2021-04-28,,Buckeye,East Coast,St. John ,"  2 Fuel Oil (aka FO, MGO, DMA)",17000.0,0.0,29745288.0,,,,,2021,4,28,Apr
2021-04-28,,Citgo,East Coast,St. John ,  Premium Unleaded Gasoline,23000.0,0.0,29768288.0,,,,,2021,4,28,Apr
2021-04-28,,Citgo,East Coast,St. John ,  Unleaded Gasoline,60000.0,0.0,29828288.0,,,,,2021,4,28,Apr
2021-04-30,,Citgo,New England,St. John ,  Unleaded Gasoline,100000.0,0.0,29928288.0,,,,,2021,4,30,Apr
2021-04-30,,Citgo,New England,St. John ,  Diesel (aka ULSD),38000.0,0.0,29966288.0,,,,,2021,4,30,Apr
2021-04-30,,Buckeye,New England,St. John ,  Diesel (aka ULSD),47000.0,0.0,30013288.0,,,,,2021,4,30,Apr
2021-04-30,,Buckeye,New England,St. John ,  Unleaded Gasoline,35000.0,0.0,30048288.0,,,,,2021,4,30,Apr
2021-04-30,,Buckeye,New England,St. John ,  Unleaded Gasoline,45000.0,0.0,30093288.0,,,,,2021,4,30,Apr
2021-05-02,,Gulf,SCF USSURI,"New Haven, CT",  Unleaded Gasoline,130000.0,0.0,30223288.0,,,,,2021,5,2,May
2021-05-04,,Sprague,Nor'easter,St. John ,"  2 Fuel Oil (aka FO, MGO, DMA)",25000.0,0.0,30248288.0,,,,,2021,5,4,May
2021-05-04,,Sprague,Nor'easter,St. John ,  Jet Fuel,35000.0,0.0,30283288.0,,,,,2021,5,4,May
2021-05-05,,Gulf,RTC-104,"New Haven, CT",  Ethanol (aka E100),20000.0,0.0,30303288.0,,,,,2021,5,5,May
2021-05-06,,Citgo,DBL-140,New York,  Ethanol (aka E100),15000.0,0.0,30318288.0,,,,,2021,5,6,May
2021-05-07,,Global,T/B Penn 92,St. John ,  Asphalt,34000.0,0.0,30352288.0,,,,,2021,5,7,May
2021-05-07,,Buckeye,DBL-104,New York,  Ethanol (aka E100),10000.0,0.0,30362288.0,,,,,2021,5,7,May
2021-05-08,,Citgo,Iver Prosperity,"Portsmouth, NH",  Unleaded Gasoline,37000.0,0.0,30399288.0,,,,,2021,5,8,May
2021-05-09,,Citgo,Acadian,St. John ,  Unleaded Gasoline,71000.0,0.0,30470288.0,,,,,2021,5,9,May
2021-05-09,,Citgo,Acadian,St. John ,  Unleaded Gasoline,23000.0,0.0,30493288.0,,,,,2021,5,9,May
2021-05-09,,Gulf,Acadian,St. John ,  Unleaded Gasoline,12000.0,0.0,30505288.0,,,,,2021,5,9,May
2021-05-13,,Citgo,Acadian,St. John ,  Unleaded Gasoline,105000.0,0.0,30610288.0,,,,,2021,5,13,May
2021-05-13,,Buckeye,Acadian,St. John ,"  2 Fuel Oil (aka FO, MGO, DMA)",8000.0,0.0,30618288.0,,,,,2021,5,13,May
2021-05-13,,Buckeye,Acadian,St. John ,  Diesel (aka ULSD),42000.0,0.0,30660288.0,,,,,2021,5,13,May
2021-05-13,,Buckeye,Acadian,St. John ,  Unleaded Gasoline,72000.0,0.0,30732288.0,,,,,2021,5,13,May
2021-05-13,,Buckeye,Acadian,St. John ,  Unleaded Gasoline,40000.0,0.0,30772288.0,,,,,2021,5,13,May
2021-05-14,,Citgo,DBL-140,New York,  Ethanol (aka E100),10000.0,0.0,30782288.0,,,,,2021,5,14,May
2021-05-14,,Buckeye,DBL-140,New York,  Ethanol (aka E100),10000.0,0.0,30792288.0,,,,,2021,5,14,May
2021-05-19,,Citgo,Acadian,St. John ,  Premium Unleaded Gasoline,20000.0,0.0,30812288.0,,,,,2021,5,19,May
2021-05-19,,Citgo,Acadian,St. John ,  Unleaded Gasoline,110000.0,0.0,30922288.0,,,,,2021,5,19,May
2021-05-20,,Portland Pipeline,Olympisky Prospect,,  Crude Oil,657243.0,0.0,31579531.0,,,,,2021,5,20,May
2021-05-20,,Citgo,Eva Leigh Cutler,New York,  Ethanol (aka E100),26000.0,0.0,31605531.0,,,,,2021,5,20,May
2021-05-21,,Portland Pipeline,Olympisky Prospect,,  Crude Oil,658000.0,0.0,32263531.0,,,,,2021,5,21,May
2021-05-21,,Gulf,Nor'easter,St. John ,  Unleaded Gasoline,38000.0,0.0,32301531.0,,,,,2021,5,21,May
2021-05-25,,Citgo,New England,St. John ,  Diesel (aka ULSD),30000.0,0.0,32331531.0,,,,,2021,5,25,May
2021-05-25,,Citgo,New England,St. John ,"  2 Fuel Oil (aka FO, MGO, DMA)",10000.0,0.0,32341531.0,,,,,2021,5,25,May
2021-05-25,,Citgo,New England,St. John ,  Unleaded Gasoline,111000.0,0.0,32452531.0,,,,,2021,5,25,May
2021-05-28,,Citgo,DBL-104,St. John ,  Ethanol (aka E100),16000.0,0.0,32468531.0,,,,,2021,5,28,May
2021-05-28,,Buckeye,DBL-104,New York,  Ethanol (aka E100),10000.0,0.0,32478531.0,,,,,2021,5,28,May
2021-05-29,,Citgo,New England,St. John ,  Diesel (aka ULSD),50000.0,0.0,32528531.0,,,,,2021,5,29,May
2021-05-29,,Citgo,New England,St. John ,  Unleaded Gasoline,65000.0,0.0,32593531.0,,,,,2021,5,29,May
2021-05-29,,Global,New England,,"  2 Fuel Oil (aka FO, MGO, DMA)",1525.0,0.0,32595056.0,,,,,2021,5,29,May
2021-05-29,,Global,New England,,  6 Fuel Oil (aka IFO 380),2371.0,0.0,32597427.0,,,,,2021,5,29,May
2021-05-30,,Global,New England,,"  2 Fuel Oil (aka FO, MGO, DMA)",1016.0,0.0,32598443.0,,,,,2021,5,30,May
2021-05-30,,Global,New England,,  6 Fuel Oil (aka IFO 380),4540.0,0.0,32602983.0,,,,,2021,5,30,May
2021-05-30,,Gulf,Aker Alos,"New Haven, CT",  Unleaded Gasoline,110000.0,0.0,32712983.0,,,,,2021,5,30,May
